hippo_id,smiles,inchikey,required_amount_mg,num_poses,poses,tags,num_routes,num_reaction_steps,reaction_dependencies,reactant_dependencies,route_ids,chemistry_types,is_scaffold,scaffold_series,inspirations
2134,OC(CNCc1ccon1)COCc1ccc2c(c1)OCO2,HJCSXYYFDUKRNW-UHFFFAOYSA-N,1,4,"{69934, 1622, 69933, 1614}","['iter1 scaffolds', 'iter1 exported merges', 'elaborated iter1 scaffold']",1,{1},[36265],"{51611, 51607}",[2],Epoxide_+_amine_coupling,True,[2134],"7gp9-a, 7goy-a"
2845,O=C(NCCc1ccno1)C1CCN(c2cc(=O)[nH]cn2)CC1,HCYWIZPHWLZGBJ-UHFFFAOYSA-N,1,3,"{6403, 27364, 6406}","['iter1 scaffolds', 'iter1 exported merges', 'elaborated iter1 scaffold']",1,{1},[11264],"{21385, 21471}",[3],Amidation,True,[2845],"7gp2-a, 7goy-a"
3233,CS(=O)(=O)CCCCCNC(=O)c1cc(CN2CCCCC2)on1,AQKDVGWHSYNMMI-UHFFFAOYSA-N,1,3,"{34738, 2738, 2743}","['iter1 scaffolds', 'iter1 exported merges', 'elaborated iter1 scaffold']",1,{1},[17396],"{28670, 13126}",[4],Amidation,True,[3233],"7gp2-a, 7goy-a"
3254,COCCN(C)CCCNC(=O)c1cc(CN2CCCCC2)on1,FTXYGSXUURDKCD-UHFFFAOYSA-N,1,3,"{2953, 14386, 2963}","['iter1 scaffolds', 'iter1 exported merges', 'elaborated iter1 scaffold']",1,{1},[4519],"{13126, 13159}",[5],Amidation,True,[3254],"7gp2-a, 7goy-a"
3264,O=C(NCCOC(F)F)c1cc(CN2CCCCC2)on1,LBXRJYKIHOQRLN-UHFFFAOYSA-N,1,3,"{37979, 3069, 3078}","['iter1 scaffolds', 'iter1 exported merges', 'elaborated iter1 scaffold']",1,{1},[18351],"{29789, 13126}",[6],Amidation,True,[3264],"7gp2-a, 7goy-a"
3360,c1nc2n(n1)CCN(Cc1cc(C3CCNCC3)no1)C2,XRJYMIJOWMWRJH-UHFFFAOYSA-N,1,3,"{67682, 3842, 3838}","['iter1 scaffolds', 'iter1 exported merges', 'elaborated iter1 scaffold']",1,{1},[33152],"{46569, 14284}",[7],Mitsunobu_reaction_with_amine_alcohol_and_thioalcohol,True,[3360],"7gp2-a, 7goy-a"
3996,O=C(CCc1ccc2c(c1)OCCO2)OCCSCc1ccno1,FIUPIBHCUISCGY-UHFFFAOYSA-N,1,3,"{2256, 49548, 2252}","['iter1 scaffolds', 'iter1 exported merges', 'elaborated iter1 scaffold']",1,{1},[23333],"{35417, 35318}",[8],Steglich_esterification,True,[3996],"7gp9-a, 7goy-a"
5315,COC(CNC(=O)c1cc(C2CNC2)no1)C1CCC1,MRUVLVYVOKTPDH-UHFFFAOYSA-N,1,5,"{5250, 5252, 2726, 2695, 66545}","['iter1 scaffolds', 'iter1 exported merges', 'elaborated iter1 scaffold']",1,{1},[31143],"{14291, 43823}",[9],Amidation,True,[5315],"7gp2-a, 7gpf-a, 7goy-a"
5316,COCC(NC(=O)c1cc(C2CNC2)no1)c1nnn[nH]1,SOJYOVUYESCPEI-UHFFFAOYSA-N,1,4,"{5257, 59094, 59093, 5254}","['iter1 scaffolds', 'iter1 exported merges', 'elaborated iter1 scaffold']",1,{1},[28595],"{14291, 41039}",[10],Amidation,True,[5316],"7gp2-a, 7goy-a"
5327,O=C(NCC(O)COCC1CC1)c1cc(C2CNC2)no1,MPKNORZLORHROU-UHFFFAOYSA-N,1,4,"{5377, 2946, 2934, 5382}","['iter1 scaffolds', 'iter1 exported merges', 'elaborated iter1 scaffold']",1,{1},[32483],"{45808, 14291}",[11],Amidation,True,[5327],"7gp2-a, 7gpf-a, 7goy-a"
5856,CC(CNC(=O)c1ccc2ccn(C)c2c1)N1CCCCC1,GWPDEXDIWDHEPZ-UHFFFAOYSA-N,1,4,"{2259, 7404, 2269, 7403}","['iter1 scaffolds', 'iter1 exported merges', 'elaborated iter1 scaffold']",1,{1},[1],"{7274, 7339}",[12],Amidation,True,[5856],"7gok-a, 7gp2-a"
5868,O=C(NC1CC(N2CCCCC2)C1)c1ccc2cc[nH]c2c1,KQLYWQIIZPHKEG-UHFFFAOYSA-N,1,4,"{18686, 2437, 2430, 18687}","['iter1 scaffolds', 'iter1 exported merges', 'elaborated iter1 scaffold']",1,{1},[6090],"{15074, 14991}",[13],Amidation,True,[5868],"7gok-a, 7gp2-a"
5906,CC(COC(=O)c1ccc2ccn(C)c2c1)N1CCCCC1,QLLFKTQWEOSFEX-UHFFFAOYSA-N,1,4,"{73664, 2633, 2628, 73663}","['iter1 scaffolds', 'iter1 exported merges', 'elaborated iter1 scaffold']",1,{1},[37842],"{7274, 53805}",[14],Steglich_esterification,True,[5906],"7gok-a, 7gp2-a"
7068,COc1cc2c(cc1CNCC(F)(F)c1cccnc1)OCO2,ODWLANMSUKTAMB-UHFFFAOYSA-N,1,3,"{4203, 4197, 56230}","['iter1 scaffolds', 'iter1 exported merges', 'elaborated iter1 scaffold']",1,{1},[26656],"{38944, 39005}",[17],Reductive_amination,True,[7068],"7gp9-a, 7goy-a"
7190,O=C(NCC1CCCCS1)c1cc(C2CCC2)no1,CQPABNWZTLMXPK-UHFFFAOYSA-N,1,4,"{4962, 23043, 23044, 4965}","['iter1 scaffolds', 'iter1 exported merges', 'elaborated iter1 scaffold']",1,{1},[7570],"{16650, 16700}",[18],Amidation,True,[7190],"7gp2-a, 7goy-a"
7248,O=C(NC(CF)C(F)(F)F)c1cc(C2CNC2)no1,JHPNHSYIQHUBJI-UHFFFAOYSA-N,1,3,"{5730, 49334, 5734}","['iter1 scaffolds', 'iter1 exported merges', 'elaborated iter1 scaffold']",1,{1},[22897],"{14291, 34614}",[19],Amidation,True,[7248],"7gp2-a, 7goy-a"
7446,CC1C(NC(=O)c2ccc3ccn(C)c3c2)C2CCN1CC2,JBUAQCDZFZUBEB-UHFFFAOYSA-N,1,0,set(),[],1,{1},[10],"{7274, 7348}",[20],Amidation,False,[5856],"7gok-a, 7gp2-a"
7449,Cn1ccc2ccc(C(=O)N3CC(N4CCCCC4)C3)cc21,KRGWDGPROVXLFW-UHFFFAOYSA-N,1,1,{7426},[],1,{1},[13],"{7274, 7351}",[21],Amidation,False,[5856],"7gok-a, 7gp2-a"
7853,CC1CCN(C2CN(C(=O)c3ccc4ccn(C)c4c3)C2)CC1,UBXJQODBZMEZJG-UHFFFAOYSA-N,1,1,{8124},[],1,{1},[417],"{7401, 7274}",[22],Amidation,False,[5856],"7gok-a, 7gp2-a"
7854,Cn1ccc2ccc(C(=O)N3CC(N4CCC(O)CC4)C3)cc21,IAGHOMWPWLYUIG-UHFFFAOYSA-N,1,1,{8125},[],1,{1},[418],"{7274, 7402}",[23],Amidation,False,[5856],"7gok-a, 7gp2-a"
7861,Cn1ccc2ccc(C(=O)N3CC(C)(N4CCCCC4)C3)cc21,ZQFQQLYKXHOQPU-UHFFFAOYSA-N,1,1,{8126},[],1,{1},[425],"{7408, 7274}",[24],Amidation,False,[5856],"7gok-a, 7gp2-a"
7879,CCC(CNC(=O)c1ccc2ccn(C)c2c1)N1CCCCC1,HLHPZZLQCFBJRN-UHFFFAOYSA-N,1,2,"{8165, 8166}",[],1,{1},[443],"{7424, 7274}",[25],Amidation,False,[5856],"7gok-a, 7gp2-a"
7887,Cn1ccc2ccc(C(=O)N3CCC(N4CCCCC4)C3)cc21,RTXHSQQNQOYLDP-UHFFFAOYSA-N,1,0,set(),[],1,{1},[451],"{7274, 7426}",[27],Amidation,False,[5856],"7gok-a, 7gp2-a"
7889,Cn1ccc2ccc(C(=O)NCC(C)(C)N3CCCCC3)cc21,KGGBILOQBDXVSA-UHFFFAOYSA-N,1,1,{8188},[],1,{1},[453],"{7274, 7428}",[28],Amidation,False,[5856],"7gok-a, 7gp2-a"
7890,CC(CNC(=O)c1ccc2ccn(C)c2c1)N1CCCCC1=O,OMGJFMWCVNPBMQ-UHFFFAOYSA-N,1,2,"{8189, 8190}",[],1,{1},[454],"{7274, 7429}",[29],Amidation,False,[5856],"7gok-a, 7gp2-a"
7891,CC1CCCN(C(C)CNC(=O)c2ccc3ccn(C)c3c2)C1,ZHRDDOOQJONLHH-UHFFFAOYSA-N,1,4,"{8192, 8193, 8194, 8191}",[],1,{1},[455],"{7274, 7430}",[30],Amidation,False,[5856],"7gok-a, 7gp2-a"
7894,CC1CCN(C(C)CNC(=O)c2ccc3ccn(C)c3c2)CC1,LYPNPCYJKKPXGI-UHFFFAOYSA-N,1,1,{8197},[],1,{1},[458],"{7433, 7274}",[31],Amidation,False,[5856],"7gok-a, 7gp2-a"
7898,Cn1ccc2ccc(C(=O)N3CC(N4CCCCC4=O)C3)cc21,NKBOBEUUEYKPDT-UHFFFAOYSA-N,1,1,{8202},[],1,{1},[462],"{7274, 7437}",[32],Amidation,False,[5856],"7gok-a, 7gp2-a"
8659,CC1C(NC(=O)c2ccc3ccn(C(C)C)c3c2)C2CCN1CC2,QGCVPBAUZAGZHK-UHFFFAOYSA-N,1,0,set(),[],1,{1},[1223],"{7348, 7316}",[33],Amidation,False,[5856],"7gok-a, 7gp2-a"
8662,CC(C)n1ccc2ccc(C(=O)N3CC(N4CCCCC4)C3)cc21,UCYUBMCCLMSLHW-UHFFFAOYSA-N,1,1,{9617},[],1,{1},[1226],"{7316, 7351}",[34],Amidation,False,[5856],"7gok-a, 7gp2-a"
8663,CC(CNC(=O)c1ccc2c(C=O)cn(C)c2c1)N1CCCCC1,QAAHKIZDGKEMBQ-UHFFFAOYSA-N,1,2,"{9618, 9619}",[],1,{1},[1227],"{7339, 7309}",[35],Amidation,False,[5856],"7gok-a, 7gp2-a"
8664,Cn1cc(C=O)c2ccc(C(=O)N3CC(N4CCCCC4)C3)cc21,LKCDTXFBUOBQRY-UHFFFAOYSA-N,1,1,{9620},[],1,{1},[1228],"{7309, 7351}",[36],Amidation,False,[5856],"7gok-a, 7gp2-a"
8667,CC1C(NC(=O)c2ccc3c(C=O)cn(C)c3c2)C2CCN1CC2,PMEDXFZMVOHSRE-UHFFFAOYSA-N,1,0,set(),[],1,{1},[1231],"{7348, 7309}",[37],Amidation,False,[5856],"7gok-a, 7gp2-a"
8673,CC(CNC(=O)c1ccc2ccn(C(C)C)c2c1)N1CCCCC1,XZUDOAIWLFOJGA-UHFFFAOYSA-N,1,2,"{9634, 9635}",[],1,{1},[1237],"{7339, 7316}",[38],Amidation,False,[5856],"7gok-a, 7gp2-a"
8717,CC1C(NC(=O)c2ccc3c(C#N)cn(C)c3c2)C2CCN1CC2,APPPBZQRFDDQRV-UHFFFAOYSA-N,1,0,set(),[],1,{1},[1281],"{7348, 7319}",[39],Amidation,False,[5856],"7gok-a, 7gp2-a"
8720,Cn1cc(C#N)c2ccc(C(=O)N3CC(N4CCCCC4)C3)cc21,GFGLNFQXRIYLEC-UHFFFAOYSA-N,1,1,{9715},[],1,{1},[1284],"{7351, 7319}",[40],Amidation,False,[5856],"7gok-a, 7gp2-a"
8721,CC(CNC(=O)c1ccc2c(C#N)cn(C)c2c1)N1CCCCC1,UWVXEJXANOKCRT-UHFFFAOYSA-N,1,2,"{9716, 9717}",[],1,{1},[1285],"{7339, 7319}",[41],Amidation,False,[5856],"7gok-a, 7gp2-a"
13310,O=C(NC1CC1N1CCOCC1)c1cc(CN2CCCCC2)on1,KKECSMHUQGIVOT-UHFFFAOYSA-N,1,4,"{14616, 14617, 14614, 14615}",[],1,{1},[4571],"{13181, 13126}",[45],Amidation,False,[3254],"7gp2-a, 7goy-a"
13312,O=C(NC1CCN(C2COC2)C1)c1cc(CN2CCCCC2)on1,SXORLJMZHDMEID-UHFFFAOYSA-N,1,2,"{14620, 14621}",[],1,{1},[4573],"{13161, 13126}",[46],Amidation,False,[3254],"7gp2-a, 7goy-a"
13321,O=C(NCC1CN(C2COC2)C1)c1cc(CN2CCCCC2)on1,WJOXKRWQHHLJAZ-UHFFFAOYSA-N,1,1,{14669},[],1,{1},[4582],"{13170, 13126}",[47],Amidation,False,[3254],"7gp2-a, 7goy-a"
13324,COCCN1CCC(NC(=O)c2cc(CN3CCCCC3)on2)C1,VCUAXASQGBCQBJ-UHFFFAOYSA-N,1,2,"{14675, 14676}",[],1,{1},[4585],"{13174, 13126}",[48],Amidation,False,[3254],"7gp2-a, 7goy-a"
13328,O=C(NCCCN1CCOCC1)c1cc(CN2CCCCC2)on1,AIPQMSPSDXFFBB-UHFFFAOYSA-N,1,1,{14684},[],1,{1},[4589],"{13178, 13126}",[49],Amidation,False,[3254],"7gp2-a, 7goy-a"
13987,O=C(NCCCN1CCCOCC1)c1cc(CN2CCCCC2)on1,DKKVUQMAPQYOOL-UHFFFAOYSA-N,1,1,{17903},[],1,{1},[5248],"{13188, 13126}",[50],Amidation,False,[3254],"7gp2-a, 7goy-a"
13988,O=C(NCC(O)CN1CCOCC1)c1cc(CN2CCCCC2)on1,UAVBEODVPOAYFV-UHFFFAOYSA-N,1,2,"{17904, 17905}",[],1,{1},[5249],"{13189, 13126}",[51],Amidation,False,[3254],"7gp2-a, 7goy-a"
13992,COCCN1CCC(CNC(=O)c2cc(CN3CCCCC3)on2)C1,VJWAJVDJKRUCBM-UHFFFAOYSA-N,1,2,"{17915, 17916}",[],1,{1},[5253],"{13192, 13126}",[52],Amidation,False,[3254],"7gp2-a, 7goy-a"
13993,O=C(NCCC(=O)N1CCOCC1)c1cc(CN2CCCCC2)on1,ZGCWZJOJNMLXDF-UHFFFAOYSA-N,1,0,set(),[],1,{1},[5254],"{13193, 13126}",[53],Amidation,False,[3254],"7gp2-a, 7goy-a"
13995,COCCN1CCCN(C(=O)c2cc(CN3CCCCC3)on2)CC1,DOXSZVZMPMFNKM-UHFFFAOYSA-N,1,0,set(),[],1,{1},[5256],"{13194, 13126}",[54],Amidation,False,[3254],"7gp2-a, 7goy-a"
14051,CC(CCN1CCOCC1)NC(=O)c1cc(CN2CCCCC2)on1,HKSGSOQBGLONQI-UHFFFAOYSA-N,1,2,"{18038, 18039}",[],1,{1},[5312],"{13232, 13126}",[55],Amidation,False,[3254],"7gp2-a, 7goy-a"
14066,CN(CCCN1CCOCC1)C(=O)c1cc(CN2CCCCC2)on1,TYJSRXAARYJPHU-UHFFFAOYSA-N,1,0,set(),[],1,{1},[5327],"{13246, 13126}",[56],Amidation,False,[3254],"7gp2-a, 7goy-a"
14067,CN1CCCN(C(=O)c2cc(CN3CCCCC3)on2)CCOCC1,MJPOULWVLLRQJQ-UHFFFAOYSA-N,1,0,set(),[],1,{1},[5328],"{13126, 13247}",[57],Amidation,False,[3254],"7gp2-a, 7goy-a"
14080,COCC(=O)N1CC(CNC(=O)c2cc(CN3CCCCC3)on2)C1,SAYQKQCCLGMMOF-UHFFFAOYSA-N,1,1,{18084},[],1,{1},[5341],"{13208, 13126}",[58],Amidation,False,[3254],"7gp2-a, 7goy-a"
14082,COCCN1CCC(NC(=O)c2cc(CN3CCCCC3)on2)CC1,FSARTZOWQGORGS-UHFFFAOYSA-N,1,1,{18085},[],1,{1},[5343],"{13205, 13126}",[59],Amidation,False,[3254],"7gp2-a, 7goy-a"
14083,CC(CCNC(=O)c1cc(CN2CCCCC2)on1)N1CCOCC1,SMTDFQSJFPVIEF-UHFFFAOYSA-N,1,2,"{18086, 18087}",[],1,{1},[5344],"{13204, 13126}",[60],Amidation,False,[3254],"7gp2-a, 7goy-a"
14088,CC(CNC(=O)c1cc(CN2CCCCC2)on1)CN1CCOCC1,PKAPNVAXJXQXDM-UHFFFAOYSA-N,1,2,"{18092, 18093}",[],1,{1},[5349],"{13251, 13126}",[61],Amidation,False,[3254],"7gp2-a, 7goy-a"
14237,O=C(c1cc(CN2CCCCC2)on1)N1CC(CN2CCOCC2)C1,LMBQRJAXCDRWTO-UHFFFAOYSA-N,1,0,set(),[],1,{1},[5498],"{13243, 13126}",[62],Amidation,False,[3254],"7gp2-a, 7goy-a"
14240,O=C(c1cc(CN2CCCCC2)on1)N1CCCN(C2COC2)CC1,BNSLHHYCAGBPSU-UHFFFAOYSA-N,1,0,set(),[],1,{1},[5501],"{13240, 13126}",[63],Amidation,False,[3254],"7gp2-a, 7goy-a"
14248,O=C1CCN(C(=O)c2cc(CN3CCCCC3)on2)C2COCCN12,KGBMGVXGPGYMEQ-UHFFFAOYSA-N,1,0,set(),[],1,{1},[5509],"{13233, 13126}",[64],Amidation,False,[3254],"7gp2-a, 7goy-a"
14249,CN(C(=O)c1cc(CN2CCCCC2)on1)C1CCN2CCOC1C2,CYQJPOWEXUHRJC-UHFFFAOYSA-N,1,0,set(),[],1,{1},[5510],"{13126, 13231}",[65],Amidation,False,[3254],"7gp2-a, 7goy-a"
14250,O=C(c1cc(CN2CCCCC2)on1)N1CCC(N2CCOCC2)C1,ODLRRJBKNQYOHH-UHFFFAOYSA-N,1,0,set(),[],1,{1},[5511],"{13230, 13126}",[66],Amidation,False,[3254],"7gp2-a, 7goy-a"
14251,O=C(NC1CC(N2CCOCC2)C1)c1cc(CN2CCCCC2)on1,JUKXPTFESKKXBU-UHFFFAOYSA-N,1,2,"{18632, 18631}",[],1,{1},[5512],"{13229, 13126}",[67],Amidation,False,[3254],"7gp2-a, 7goy-a"
15180,Cc1c[nH]c2cc(C(=O)NC3CC(N4CCCCC4)C3)ccc12,JJPKFAJHPLXRJE-UHFFFAOYSA-N,1,2,"{18708, 18709}",[],1,{1},[6100],"{15074, 14995}",[68],Amidation,False,[5868],"7gok-a, 7gp2-a"
15201,Cn1ccc2ccc(C(=O)NC3CC(N4CCCCC4)C3)cc21,IJHQRLOFKGWOPG-UHFFFAOYSA-N,1,2,"{18755, 18756}",[],1,{1},[6121],"{15074, 7274}",[69],Amidation,False,[5868],"7gok-a, 7gp2-a"
15218,O=C(NC1CC(N2CCCCC2)C1)c1ccc2cc[nH]c2c1F,LMOQTVBBPQJTPW-UHFFFAOYSA-N,1,1,{18797},[],1,{1},[6138],"{15008, 15074}",[70],Amidation,False,[5868],"7gok-a, 7gp2-a"
15241,O=C(NC1CC(N2CCCCC2)C1)c1cc(F)c2cc[nH]c2c1,SNMPVSMZPBNWLO-UHFFFAOYSA-N,1,2,"{18853, 18854}",[],1,{1},[6161],"{15074, 15015}",[71],Amidation,False,[5868],"7gok-a, 7gp2-a"
15825,COc1cc2cc[nH]c2cc1C(=O)NC1CC(N2CCCCC2)C1,YWOZJVROCQRJAK-UHFFFAOYSA-N,1,2,"{20612, 20613}",[],1,{1},[6745],"{15074, 15045}",[72],Amidation,False,[5868],"7gok-a, 7gp2-a"
16186,O=Cc1c[nH]c2cc(C(=O)NC3CC(N4CCCCC4)C3)ccc12,PVBDMIONHKJMTO-UHFFFAOYSA-N,1,2,"{21610, 21611}",[],1,{1},[7106],"{15074, 15061}",[73],Amidation,False,[5868],"7gok-a, 7gp2-a"
16374,N#Cc1c[nH]c2cc(C(=O)NC3CC(N4CCCCC4)C3)ccc12,DHHBAYJSOYLDEE-UHFFFAOYSA-N,1,1,{22140},[],1,{1},[7294],"{15074, 15067}",[74],Amidation,False,[5868],"7gok-a, 7gp2-a"
16924,O=C(NCC1CCCCS1(=O)=O)c1cc(C2CCC2)no1,NCFPDJLFBMQEDN-UHFFFAOYSA-N,1,2,"{23321, 23322}",[],1,{1},[7717],"{16650, 16726}",[75],Amidation,False,[7190],"7gp2-a, 7goy-a"
17117,O=C(c1cc(C2CCC2)no1)N1CC2CCCS(=O)(=O)C2C1,NTDABVASAIKMAP-UHFFFAOYSA-N,1,0,set(),[],1,{1},[7910],"{16650, 16772}",[76],Amidation,False,[7190],"7gp2-a, 7goy-a"
18331,COc1cc(CNC(Cc2ccno2)C(=O)O)cc2c1OCO2,TYUGKPCIZQEPKZ-UHFFFAOYSA-N,1,2,"{24808, 24809}",[],1,{1},[8981],"{18129, 18027}",[78],Reductive_amination,False,[2022],"7gp9-a, 7goy-a"
18557,COc1cc(C(O)NC(Cc2ccno2)C(=O)O)cc2c1OCO2,PVZIWXKFZYMVMM-UHFFFAOYSA-N,1,4,"{25592, 25593, 25594, 25595}",[],1,{1},[9207],"{18129, 18028}",[79],Reductive_amination,False,[2022],"7gp9-a, 7goy-a"
21573,O=C(NCCc1cc(=O)[nH]o1)C1CCN(c2cc(=O)[nH]cn2)CC1,FIXGUODFRKSCGK-UHFFFAOYSA-N,1,1,{27444},[],1,{1},[11301],"{21385, 21475}",[81],Amidation,False,[2845],"7gp2-a, 7goy-a"
21575,Cc1cc(CCNC(=O)C2CCN(c3cc(=O)[nH]cn3)CC2)on1,JNVBKCUXWUSIBK-UHFFFAOYSA-N,1,1,{27446},[],1,{1},[11303],"{21385, 21476}",[82],Amidation,False,[2845],"7gp2-a, 7goy-a"
21581,O=C(NCCc1cc(Br)no1)C1CCN(c2cc(=O)[nH]cn2)CC1,WNUGIRPQRJWHHM-UHFFFAOYSA-N,1,1,{27454},[],1,{1},[11309],"{21472, 21385}",[83],Amidation,False,[2845],"7gp2-a, 7goy-a"
21843,O=C(C1CCN(c2cc(=O)[nH]cn2)CC1)N1CCC(c2ccno2)C1,HUZIGXAYLCXCDF-UHFFFAOYSA-N,1,0,set(),[],1,{1},[11571],"{21385, 2971}",[84],Amidation,False,[2845],"7gp2-a, 7goy-a"
21868,CCc1cc(CCNC(=O)C2CCN(c3cc(=O)[nH]cn3)CC2)on1,OQONDSIPEMTPGN-UHFFFAOYSA-N,1,1,{28154},[],1,{1},[11596],"{21385, 21506}",[86],Amidation,False,[2845],"7gp2-a, 7goy-a"
28825,O=C(c1cc(CN2CCCCC2)on1)N1CCC2CS(=O)(=O)CC21,LQTGAVIRZZOVGO-UHFFFAOYSA-N,1,0,set(),[],1,{1},[17453],"{28681, 13126}",[87],Amidation,False,[3233],"7gp2-a, 7goy-a"
28826,O=C(NCC12CC1CS(=O)(=O)C2)c1cc(CN2CCCCC2)on1,QYSRMTIQRZROKG-UHFFFAOYSA-N,1,1,{34923},[],1,{1},[17454],"{13126, 28671}",[88],Amidation,False,[3233],"7gp2-a, 7goy-a"
28830,O=C(c1cc(CN2CCCCC2)on1)N1C2CCC1CS(=O)(=O)C2,ZXGMKLJJGIIODC-UHFFFAOYSA-N,1,0,set(),[],1,{1},[17458],"{28674, 13126}",[89],Amidation,False,[3233],"7gp2-a, 7goy-a"
28833,O=C(c1cc(CN2CCCCC2)on1)N1CCC12CCS(=O)(=O)C2,ISWIILXWOROIIX-UHFFFAOYSA-N,1,0,set(),[],1,{1},[17461],"{13126, 28678}",[90],Amidation,False,[3233],"7gp2-a, 7goy-a"
28835,O=C(c1cc(CN2CCCCC2)on1)N1CC2CC1CS(=O)(=O)C2,UNXBWAMOYBLEKD-UHFFFAOYSA-N,1,0,set(),[],1,{1},[17463],"{28680, 13126}",[91],Amidation,False,[3233],"7gp2-a, 7goy-a"
28840,O=C(NCCC1CCS(=O)(=O)C1)c1cc(CN2CCCCC2)on1,XJNULZKASYUAOQ-UHFFFAOYSA-N,1,2,"{34964, 34965}",[],1,{1},[17468],"{28693, 13126}",[92],Amidation,False,[3233],"7gp2-a, 7goy-a"
28841,O=C(NCC1CCCS(=O)(=O)C1)c1cc(CN2CCCCC2)on1,MTUZGXZGYCTZOZ-UHFFFAOYSA-N,1,2,"{34966, 34967}",[],1,{1},[17469],"{28692, 13126}",[93],Amidation,False,[3233],"7gp2-a, 7goy-a"
28844,CS(=O)(=O)CC1CCCN1C(=O)c1cc(CN2CCCCC2)on1,WFDQVHVETDCJPX-UHFFFAOYSA-N,1,0,set(),[],1,{1},[17472],"{28689, 13126}",[94],Amidation,False,[3233],"7gp2-a, 7goy-a"
28845,CS(=O)(=O)CCC1CCN1C(=O)c1cc(CN2CCCCC2)on1,PFLDFSLDUWNQFY-UHFFFAOYSA-N,1,0,set(),[],1,{1},[17473],"{13126, 28694}",[95],Amidation,False,[3233],"7gp2-a, 7goy-a"
28849,CS(=O)(=O)CC1CCC1NC(=O)c1cc(CN2CCCCC2)on1,QYIPDJMTYCTKFB-UHFFFAOYSA-N,1,4,"{34979, 34980, 34981, 34982}",[],1,{1},[17477],"{28685, 13126}",[96],Amidation,False,[3233],"7gp2-a, 7goy-a"
28851,CS(=O)(=O)C1CCCC1NC(=O)c1cc(CN2CCCCC2)on1,OZOGMJSGBWYBAX-UHFFFAOYSA-N,1,4,"{34987, 34988, 34989, 34990}",[],1,{1},[17479],"{28688, 13126}",[97],Amidation,False,[3233],"7gp2-a, 7goy-a"
29847,CC(CNC(=O)c1cc(CN2CCCCC2)on1)OC(F)F,YVCCKHFHRXNLIT-UHFFFAOYSA-N,1,2,"{37984, 37983}",[],1,{1},[18354],"{29790, 13126}",[98],Amidation,False,[3264],"7gp2-a, 7goy-a"
29856,CN(CCOC(F)F)C(=O)c1cc(CN2CCCCC2)on1,JKHPYAUOXCKQIQ-UHFFFAOYSA-N,1,0,set(),[],1,{1},[18363],"{29792, 13126}",[99],Amidation,False,[3264],"7gp2-a, 7goy-a"
29865,O=C(NCCOC(F)(F)F)c1cc(CN2CCCCC2)on1,GDZQOVOGAZBATI-UHFFFAOYSA-N,1,1,{38005},[],1,{1},[18372],"{29798, 13126}",[100],Amidation,False,[3264],"7gp2-a, 7goy-a"
29898,O=C(c1cc(CN2CCCCC2)on1)N1CCOC(F)(F)C1,ANSSRBXCJLVZPC-UHFFFAOYSA-N,1,0,set(),[],1,{1},[18405],"{13126, 29799}",[101],Amidation,False,[3264],"7gp2-a, 7goy-a"
29906,O=C(c1cc(CN2CCCCC2)on1)N1CC(OC(F)F)C1,GCQUHNDOIMHJOP-UHFFFAOYSA-N,1,0,set(),[],1,{1},[18413],"{13126, 29791}",[103],Amidation,False,[3264],"7gp2-a, 7goy-a"
30330,O=C(c1cc(CN2CCCCC2)on1)N1CCC1COC(F)F,ZZEDDDDMFIEEFC-UHFFFAOYSA-N,1,1,{38859},[],1,{1},[18837],"{29837, 13126}",[104],Amidation,False,[3264],"7gp2-a, 7goy-a"
30333,O=C(NCCOC(F)(F)CBr)c1cc(CN2CCCCC2)on1,WSFNUFNDAYIJHT-UHFFFAOYSA-N,1,1,{38862},[],1,{1},[18840],"{29829, 13126}",[105],Amidation,False,[3264],"7gp2-a, 7goy-a"
30334,CC(C)(CNC(=O)c1cc(CN2CCCCC2)on1)OC(F)F,OQZXEKKPMHGRKU-UHFFFAOYSA-N,1,1,{38863},[],1,{1},[18841],"{29801, 13126}",[106],Amidation,False,[3264],"7gp2-a, 7goy-a"
30342,O=C(c1cc(CN2CCCCC2)on1)N1CC(OC(F)(F)F)C1,ZXFCUYQDIXQXJE-UHFFFAOYSA-N,1,0,set(),[],1,{1},[18849],"{29819, 13126}",[107],Amidation,False,[3264],"7gp2-a, 7goy-a"
30346,CC(F)(F)OC1CN(C(=O)c2cc(CN3CCCCC3)on2)C1,NABOOFYDXXNFHG-UHFFFAOYSA-N,1,0,set(),[],1,{1},[18853],"{29817, 13126}",[108],Amidation,False,[3264],"7gp2-a, 7goy-a"
30351,CC(CNC(=O)c1cc(CN2CCCCC2)on1)OC(F)(F)F,SMTZPAJFKKLVMW-UHFFFAOYSA-N,1,2,"{38886, 38887}",[],1,{1},[18858],"{29806, 13126}",[109],Amidation,False,[3264],"7gp2-a, 7goy-a"
30352,CN(CCOC(F)(F)F)C(=O)c1cc(CN2CCCCC2)on1,YIIMXKPQLXDOSY-UHFFFAOYSA-N,1,0,set(),[],1,{1},[18859],"{29813, 13126}",[110],Amidation,False,[3264],"7gp2-a, 7goy-a"
30364,O=C(NC(CO)COC(F)F)c1cc(CN2CCCCC2)on1,KMLXQOXXNXLZKV-UHFFFAOYSA-N,1,2,"{38909, 38910}",[],1,{1},[18871],"{29828, 13126}",[111],Amidation,False,[3264],"7gp2-a, 7goy-a"
30365,O=C(c1cc(CN2CCCCC2)on1)N1CCC(OC(F)F)C1,SXOQDCUCEVLWCF-UHFFFAOYSA-N,1,0,set(),[],1,{1},[18872],"{29816, 13126}",[112],Amidation,False,[3264],"7gp2-a, 7goy-a"
30367,CC1(OC(F)F)CN(C(=O)c2cc(CN3CCCCC3)on2)C1,SSNLCAJGLGZWBC-UHFFFAOYSA-N,1,0,set(),[],1,{1},[18874],"{29830, 13126}",[113],Amidation,False,[3264],"7gp2-a, 7goy-a"
30383,CC(COC(F)(F)F)NC(=O)c1cc(CN2CCCCC2)on1,POWZVKFROKQQBU-UHFFFAOYSA-N,1,2,"{38936, 38935}",[],1,{1},[18890],"{29811, 13126}",[114],Amidation,False,[3264],"7gp2-a, 7goy-a"
30388,CC1COC(F)(F)CN1C(=O)c1cc(CN2CCCCC2)on1,LPMKRVKMAVAUDN-UHFFFAOYSA-N,1,0,set(),[],1,{1},[18895],"{13126, 29831}",[115],Amidation,False,[3264],"7gp2-a, 7goy-a"
30390,CC1CN(C(=O)c2cc(CN3CCCCC3)on2)CC(F)(F)O1,RBYKXGPIHJWGHT-UHFFFAOYSA-N,1,0,set(),[],1,{1},[18897],"{29832, 13126}",[116],Amidation,False,[3264],"7gp2-a, 7goy-a"
34889,O=C(c1cc(C2CNC2)no1)N1CC(F)(F)C1C(F)(F)F,UEBUHDWCCCWSNN-UHFFFAOYSA-N,1,0,set(),[],1,{1},[22904],"{14291, 34621}",[141],Amidation,False,[7248],"7gp2-a, 7goy-a"
34898,O=C(NC(C(F)(F)F)C(F)(F)F)c1cc(C2CNC2)no1,DZJVTBCEPLPLFS-UHFFFAOYSA-N,1,1,{49356},[],1,{1},[22913],"{14291, 34630}",[142],Amidation,False,[7248],"7gp2-a, 7goy-a"
35184,CC(C)(C)OC(=O)N1CC(c2cc(C(=O)N3CC(F)(F)C3C(F)(F)F)on2)C1,WWLVOQUOHOTJAW-UHFFFAOYSA-N,1,0,set(),[],1,{1},[23199],"{34621, 14295}",[143],Amidation,False,[7248],"7gp2-a, 7goy-a"
35227,CC(C)(C)OC(=O)N1CC(C)(c2cc(C(=O)N3CC(F)(F)C3C(F)(F)F)on2)C1,RMRWGOFDPAQASL-UHFFFAOYSA-N,1,0,set(),[],1,{1},[23242],"{14297, 34621}",[144],Amidation,False,[7248],"7gp2-a, 7goy-a"
35523,CC(CC(=O)OCCSCc1ccno1)c1ccc2c(c1)OCCO2,KGYFXDLSHZSPMC-UHFFFAOYSA-N,1,2,"{49563, 49564}",[],1,{1},[23346],"{35417, 35331}",[145],Steglich_esterification,False,[3996],"7gp9-a, 7goy-a"
35531,O=C(OCCSCc1ccno1)C1CC1c1ccc2c(c1)OCCO2,IQEBODGTOZVVFT-UHFFFAOYSA-N,1,4,"{49576, 49577, 49578, 49579}",[],1,{1},[23354],"{35417, 35339}",[146],Steglich_esterification,False,[3996],"7gp9-a, 7goy-a"
39102,COc1cc2c(cc1C(O)NCC(F)(F)c1cccnc1)OCO2,QVROVOFILLDPBQ-UHFFFAOYSA-N,1,2,"{56232, 56233}",[],1,{1},[26658],"{38946, 39005}",[147],Reductive_amination,False,[7068],"7gp9-a, 7goy-a"
39232,FC(F)Oc1cc2c(cc1CNCC(F)(F)c1cccnc1)OCO2,FHGPNKUOEFRZNI-UHFFFAOYSA-N,1,1,{56374},[],1,{1},[26788],"{39005, 38957}",[148],Reductive_amination,False,[7068],"7gp9-a, 7goy-a"
39346,COc1cc2c(cc1CNC(=O)C(F)(F)c1ccc(Cl)nc1)OCO2,IMMSBKVPIYRMHZ-UHFFFAOYSA-N,1,1,{56514},[],1,{1},[26902],"{38944, 39043}",[149],Reductive_amination,False,[7068],"7gp9-a, 7goy-a"
40167,COc1cc2c(cc1C(O)NC(=O)C(F)(F)c1ccc(Cl)nc1)OCO2,VRRHDIGCIQSJLS-UHFFFAOYSA-N,1,2,"{57654, 57655}",[],1,{1},[27723],"{38946, 39043}",[150],Reductive_amination,False,[7068],"7gp9-a, 7goy-a"
41135,O=C(NC1(c2nnn[nH]2)CCOC1)c1cc(C2CNC2)no1,DBRGZBNZYZSGJJ-UHFFFAOYSA-N,1,4,"{59096, 59097, 59099, 59100}",[],1,{1},[28598],"{41042, 14291}",[151],Amidation,False,[5316],"7gp2-a, 7goy-a"
41137,O=C(c1cc(C2CNC2)no1)N1CCOCC1c1nnn[nH]1,KJHGXHQIIPGVGN-UHFFFAOYSA-N,1,0,set(),[],1,{1},[28600],"{14291, 41044}",[152],Amidation,False,[5316],"7gp2-a, 7goy-a"
41158,CCOC(=O)C(NC(=O)c1cc(C2CNC2)no1)c1nnn[nH]1,LEERKNDKMYRCGR-UHFFFAOYSA-N,1,2,"{59138, 59139}",[],1,{1},[28621],"{41065, 14291}",[153],Amidation,False,[5316],"7gp2-a, 7goy-a"
41225,COCC(NC(=O)c1cc(C2CN(C(=O)OC(C)(C)C)C2)no1)c1nnn[nH]1,WAQUXYVLROBQJD-UHFFFAOYSA-N,1,1,{59228},[],1,{1},[28688],"{41039, 14295}",[154],Amidation,False,[5316],"7gp2-a, 7goy-a"
41233,COCC(NC(=O)c1cc(C2(C)CN(C(=O)OC(C)(C)C)C2)no1)c1nnn[nH]1,VJZOMMUKSBSWLU-UHFFFAOYSA-N,1,1,{59236},[],1,{1},[28696],"{14297, 41039}",[155],Amidation,False,[5316],"7gp2-a, 7goy-a"
41255,CC(C)(C)OC(=O)N1CC(c2cc(C(=O)NC3(c4nnn[nH]4)CCOC3)on2)C1,CBBJFZIOFYYWGG-UHFFFAOYSA-N,1,0,set(),[],1,{1},[28718],"{41042, 14295}",[156],Amidation,False,[5316],"7gp2-a, 7goy-a"
41257,CC(C)(C)OC(=O)N1CC(c2cc(C(=O)N3CCOCC3c3nnn[nH]3)on2)C1,YHEOPLAROLPSHW-UHFFFAOYSA-N,1,0,set(),[],1,{1},[28720],"{41044, 14295}",[157],Amidation,False,[5316],"7gp2-a, 7goy-a"
41286,CCOC(=O)C(NC(=O)c1cc(C2CN(C(=O)OC(C)(C)C)C2)no1)c1nnn[nH]1,TUWBOOLPMTVJEX-UHFFFAOYSA-N,1,2,"{59273, 59380}",[],1,{1},[28749],"{41065, 14295}",[158],Amidation,False,[5316],"7gp2-a, 7goy-a"
41305,CC(C)(C)OC(=O)N1CC(C)(c2cc(C(=O)NC3(c4nnn[nH]4)CCOC3)on2)C1,BWDGQPXXHYUINP-UHFFFAOYSA-N,1,0,set(),[],1,{1},[28768],"{14297, 41042}",[159],Amidation,False,[5316],"7gp2-a, 7goy-a"
41308,CC(C)(C)OC(=O)N1CC(C)(c2cc(C(=O)N3CCOCC3c3nnn[nH]3)on2)C1,QBGMUOFVQKKKTI-UHFFFAOYSA-N,1,0,set(),[],1,{1},[28771],"{14297, 41044}",[160],Amidation,False,[5316],"7gp2-a, 7goy-a"
41391,CCOC(=O)C(NC(=O)c1cc(C2(C)CN(C(=O)OC(C)(C)C)C2)no1)c1nnn[nH]1,CRMRVZUSLYAKBI-UHFFFAOYSA-N,1,2,"{59397, 59398}",[],1,{1},[28854],"{14297, 41065}",[161],Amidation,False,[5316],"7gp2-a, 7goy-a"
44464,COC1C(NC(=O)c2cc(C3CNC3)no2)CC12CCC2,MVTRYMVXMCNLRI-UHFFFAOYSA-N,1,3,"{66548, 66549, 66550}",[],1,{1},[31146],"{43826, 14291}",[178],Amidation,False,[5315],"7gp2-a, 7gpf-a, 7goy-a"
44475,COC1CN(C(=O)c2cc(C3CNC3)no2)CC12CCC2,HDSYLMIPKZKPFI-UHFFFAOYSA-N,1,0,set(),[],1,{1},[31157],"{14291, 43837}",[179],Amidation,False,[5315],"7gp2-a, 7gpf-a, 7goy-a"
44476,O=C(c1cc(C2CNC2)no1)N1CCOC(C2CCC2)C1,CLBARKQARCKERQ-UHFFFAOYSA-N,1,0,set(),[],1,{1},[31158],"{14291, 43838}",[180],Amidation,False,[5315],"7gp2-a, 7gpf-a, 7goy-a"
44478,COC(CN(C)C(=O)c1cc(C2CNC2)no1)C1CCC1,DNFXUUQPZNRUNL-UHFFFAOYSA-N,1,0,set(),[],1,{1},[31160],"{43840, 14291}",[181],Amidation,False,[5315],"7gp2-a, 7gpf-a, 7goy-a"
44479,CCOC(CNC(=O)c1cc(C2CNC2)no1)C1CCC1,LGHYVNLTRSIHMH-UHFFFAOYSA-N,1,2,"{66561, 66562}",[],1,{1},[31161],"{43841, 14291}",[182],Amidation,False,[5315],"7gp2-a, 7gpf-a, 7goy-a"
44538,O=C(c1cc(C2CNC2)no1)N1CCCOC(C2CCC2)C1,IMJYIMSJZRFXLC-UHFFFAOYSA-N,1,0,set(),[],1,{1},[31220],"{14291, 43900}",[183],Amidation,False,[5315],"7gp2-a, 7gpf-a, 7goy-a"
44543,COC1C(NC(=O)c2cc(C3CNC3)no2)COC12CCC2,HIVCNNYWYQUFBR-UHFFFAOYSA-N,1,3,"{66635, 66636, 66637}",[],1,{1},[31225],"{43905, 14291}",[184],Amidation,False,[5315],"7gp2-a, 7gpf-a, 7goy-a"
44545,COC(CNC(=O)c1cc(C2CNC2)no1)C1CC(C)(C)C1,AAYKTAVLJVPOBW-UHFFFAOYSA-N,1,2,"{66640, 66641}",[],1,{1},[31227],"{14291, 43907}",[185],Amidation,False,[5315],"7gp2-a, 7gpf-a, 7goy-a"
44557,COC(CNC(=O)c1cc(C2CNC2)no1)C1CC(F)(F)C1,RDJSTSMBPDAGRL-UHFFFAOYSA-N,1,2,"{66672, 66671}",[],1,{1},[31239],"{14291, 43919}",[186],Amidation,False,[5315],"7gp2-a, 7gpf-a, 7goy-a"
44564,O=C(NCC1OCCOC12CCC2)c1cc(C2CNC2)no1,HXGYKGWSICOSKC-UHFFFAOYSA-N,1,2,"{66682, 66683}",[],1,{1},[31246],"{14291, 43926}",[187],Amidation,False,[5315],"7gp2-a, 7gpf-a, 7goy-a"
44807,CCOC(CNC(=O)c1cc(C2CNC2)no1)C1CC(F)(F)C1,RELARXCEEVSFBF-UHFFFAOYSA-N,1,2,"{66931, 66932}",[],1,{1},[31489],"{14291, 44166}",[188],Amidation,False,[5315],"7gp2-a, 7gpf-a, 7goy-a"
44815,O=C(c1cc(C2CNC2)no1)N1CCOC(C2CC(F)(F)C2)C1,FJQZCROGNCUTMU-UHFFFAOYSA-N,1,0,set(),[],1,{1},[31497],"{14291, 44174}",[189],Amidation,False,[5315],"7gp2-a, 7gpf-a, 7goy-a"
44816,O=C1NC2(CCC2)C2(CN(C(=O)c3cc(C4CNC4)no3)C2)O1,ARGXNJJDOCLHIS-UHFFFAOYSA-N,1,1,{66948},[],1,{1},[31498],"{14291, 44175}",[190],Amidation,False,[5315],"7gp2-a, 7gpf-a, 7goy-a"
45425,O=C(NC1CC2(CCC2)C1OCc1ccccc1)c1cc(C2CNC2)no1,LAOUUGJFHOKPPR-UHFFFAOYSA-N,1,2,"{67244, 67245}",[],1,{1},[32107],"{44440, 14291}",[191],Amidation,False,[5315],"7gp2-a, 7gpf-a, 7goy-a"
45511,CC(C)(C)OC(=O)N1CC(c2cc(C(=O)N3CCOC(C4CCC4)C3)on2)C1,TXLMGYHTQQIPHD-UHFFFAOYSA-N,1,0,set(),[],1,{1},[32193],"{43838, 14295}",[192],Amidation,False,[5315],"7gp2-a, 7gpf-a, 7goy-a"
45518,COC1CN(C(=O)c2cc(C3CN(C(=O)OC(C)(C)C)C3)no2)CC12CCC2,WPEVDPCATHFEDA-UHFFFAOYSA-N,1,0,set(),[],1,{1},[32200],"{43837, 14295}",[193],Amidation,False,[5315],"7gp2-a, 7gpf-a, 7goy-a"
45521,COC1C(NC(=O)c2cc(C3CN(C(=O)OC(C)(C)C)C3)no2)CC12CCC2,ATHKOTGESWBYPH-UHFFFAOYSA-N,1,0,set(),[],1,{1},[32203],"{43826, 14295}",[194],Amidation,False,[5315],"7gp2-a, 7gpf-a, 7goy-a"
45963,O=C(c1cc(C2CNC2)no1)N1CCOC(COCC2CC2)C1,PLIILKANTWBTLQ-UHFFFAOYSA-N,1,0,set(),[],1,{1},[32547],"{45872, 14291}",[195],Amidation,False,[5327],"7gp2-a, 7gpf-a, 7goy-a"
46078,CC(C)(C)OC(=O)N1CC(c2cc(C(=O)NCC(O)COCC3CC3)on2)C1,ZVGVIBCCBHCABT-UHFFFAOYSA-N,1,0,set(),[],1,{1},[32662],"{45808, 14295}",[196],Amidation,False,[5327],"7gp2-a, 7gpf-a, 7goy-a"
46139,CC(C)(C)OC(=O)N1CC(C)(c2cc(C(=O)NCC(O)COCC3CC3)on2)C1,CYOSXZCJOWYTSG-UHFFFAOYSA-N,1,0,set(),[],1,{1},[32723],"{45808, 14297}",[197],Amidation,False,[5327],"7gp2-a, 7gpf-a, 7goy-a"
46425,CC(C)(C)OC(=O)N1CC(c2cc(C(=O)N3CCOC(COCC4CC4)C3)on2)C1,SPMDDLYHSMLEQA-UHFFFAOYSA-N,1,0,set(),[],1,{1},[33009],"{45872, 14295}",[198],Amidation,False,[5327],"7gp2-a, 7gpf-a, 7goy-a"
46532,CC(C)(C)OC(=O)N1CC(C)(c2cc(C(=O)N3CCOC(COCC4CC4)C3)on2)C1,VAFQBCAFDTUBBR-UHFFFAOYSA-N,1,0,set(),[],1,{1},[33116],"{45872, 14297}",[199],Amidation,False,[5327],"7gp2-a, 7gpf-a, 7goy-a"
46911,Brc1nc2n(n1)CCN(Cc1cc(C3CCNCC3)no1)C2,MSNXJTHVVDQZPU-UHFFFAOYSA-N,1,1,{67684},[],1,{1},[33154],"{46571, 14284}",[200],Mitsunobu_reaction_with_amine_alcohol_and_thioalcohol,False,[3360],"7gp2-a, 7goy-a"
46914,Cc1nc2n(n1)CCN(Cc1cc(C3CCNCC3)no1)C2,PYCFTXFHGVQTKC-UHFFFAOYSA-N,1,1,{67688},[],1,{1},[33157],"{14284, 46573}",[201],Mitsunobu_reaction_with_amine_alcohol_and_thioalcohol,False,[3360],"7gp2-a, 7goy-a"
47483,CC(C)(C)OC(=O)N1CCC(c2cc(CN3CCn4ncnc4C3)on2)CC1,BWYZVNWGWGVPCJ-UHFFFAOYSA-N,1,0,set(),[],1,{1},[33726],"{14288, 46569}",[202],Mitsunobu_reaction_with_amine_alcohol_and_thioalcohol,False,[3360],"7gp2-a, 7goy-a"
47527,CC(C)(C)OC(=O)N1CCC(c2cc(CN3CCn4nc(Br)nc4C3)on2)CC1,REVQLPSRBZYWEK-UHFFFAOYSA-N,1,0,set(),[],1,{1},[33770],"{14288, 46571}",[203],Mitsunobu_reaction_with_amine_alcohol_and_thioalcohol,False,[3360],"7gp2-a, 7goy-a"
47529,Cc1nc2n(n1)CCN(Cc1cc(C3CCN(C(=O)OC(C)(C)C)CC3)no1)C2,AJPCXRMAZIBIMQ-UHFFFAOYSA-N,1,0,set(),[],1,{1},[33772],"{14288, 46573}",[204],Mitsunobu_reaction_with_amine_alcohol_and_thioalcohol,False,[3360],"7gp2-a, 7goy-a"
52128,OC(CNCc1cc(Br)on1)COCc1ccc2c(c1)OCO2,GFWFAFQXARBMKL-UHFFFAOYSA-N,1,2,"{69939, 69940}",[],1,{1},[36267],"{51612, 51607}",[205],Epoxide_+_amine_coupling,False,[2134],"7gp9-a, 7goy-a"
52131,OC(CNCc1nocc1Cl)COCc1ccc2c(c1)OCO2,YYVICCQJLNSPQK-UHFFFAOYSA-N,1,2,"{69945, 69946}",[],1,{1},[36270],"{51615, 51607}",[206],Epoxide_+_amine_coupling,False,[2134],"7gp9-a, 7goy-a"
52132,OC(CNCc1nocc1Br)COCc1ccc2c(c1)OCO2,UKFIJTXHPCHVDG-UHFFFAOYSA-N,1,2,"{69947, 69948}",[],1,{1},[36271],"{51616, 51607}",[207],Epoxide_+_amine_coupling,False,[2134],"7gp9-a, 7goy-a"
52133,CC(NCC(O)COCc1ccc2c(c1)OCO2)c1ccon1,YXMDQVLZRLJCAL-UHFFFAOYSA-N,1,4,"{69952, 69949, 69950, 69951}",[],1,{1},[36272],"{51617, 51607}",[208],Epoxide_+_amine_coupling,False,[2134],"7gp9-a, 7goy-a"
52137,Cc1cc(CNCC(O)COCc2ccc3c(c2)OCO3)no1,OSCQBHCTNFVIHM-UHFFFAOYSA-N,1,2,"{69957, 69958}",[],1,{1},[36276],"{51621, 51607}",[209],Epoxide_+_amine_coupling,False,[2134],"7gp9-a, 7goy-a"
52140,O=C(NCC(O)COCc1ccc2c(c1)OCO2)c1ccon1,YPEKLCQXTRQGEO-UHFFFAOYSA-N,1,2,"{69963, 69964}",[],1,{1},[36279],"{51624, 51607}",[210],Epoxide_+_amine_coupling,False,[2134],"7gp9-a, 7goy-a"
52142,Cc1conc1CNCC(O)COCc1ccc2c(c1)OCO2,GNCDHLXVDGYKNW-UHFFFAOYSA-N,1,2,"{69968, 69967}",[],1,{1},[36281],"{51626, 51607}",[212],Epoxide_+_amine_coupling,False,[2134],"7gp9-a, 7goy-a"
52170,Cc1cc(C(=O)NCC(O)COCc2ccc3c(c2)OCO3)no1,NASKTKQHQZNUMF-UHFFFAOYSA-N,1,2,"{70061, 70062}",[],1,{1},[36309],"{51637, 51607}",[213],Epoxide_+_amine_coupling,False,[2134],"7gp9-a, 7goy-a"
52171,CCc1cc(CNCC(O)COCc2ccc3c(c2)OCO3)no1,ZGQDKDSTWVTGIX-UHFFFAOYSA-N,1,2,"{70064, 70063}",[],1,{1},[36310],"{51638, 51607}",[214],Epoxide_+_amine_coupling,False,[2134],"7gp9-a, 7goy-a"
52173,Cc1cc(C(C)NCC(O)COCc2ccc3c(c2)OCO3)no1,ZONCKRDSKJHXML-UHFFFAOYSA-N,1,2,"{70067, 70068}",[],1,{1},[36312],"{51640, 51607}",[215],Epoxide_+_amine_coupling,False,[2134],"7gp9-a, 7goy-a"
52179,NN(CC(O)COCc1ccc2c(c1)OCO2)C(=O)c1ccon1,FWCHWYKZNVZJSQ-UHFFFAOYSA-N,1,0,set(),[],1,{1},[36318],"{51646, 51607}",[216],Epoxide_+_amine_coupling,False,[2134],"7gp9-a, 7goy-a"
52184,Cc1cc(C(=S)NCC(O)COCc2ccc3c(c2)OCO3)no1,JQUMRGRIZXEWQJ-UHFFFAOYSA-N,1,0,set(),[],1,{1},[36323],"{51651, 51607}",[217],Epoxide_+_amine_coupling,False,[2134],"7gp9-a, 7goy-a"
52191,Cc1onc(CNCC(O)COCc2ccc3c(c2)OCO3)c1Br,NGUWBBCBHBPXGR-UHFFFAOYSA-N,1,2,"{70101, 70102}",[],1,{1},[36330],"{51658, 51607}",[218],Epoxide_+_amine_coupling,False,[2134],"7gp9-a, 7goy-a"
52192,CC(C)(NCC(O)COCc1ccc2c(c1)OCO2)c1ccon1,ROGIYJWVQDNUHM-UHFFFAOYSA-N,1,1,{70103},[],1,{1},[36331],"{51659, 51607}",[219],Epoxide_+_amine_coupling,False,[2134],"7gp9-a, 7goy-a"
52204,CCc1conc1CNCC(O)COCc1ccc2c(c1)OCO2,XBHAIJHUGXLEAJ-UHFFFAOYSA-N,1,2,"{70133, 70134}",[],1,{1},[36343],"{51671, 51607}",[220],Epoxide_+_amine_coupling,False,[2134],"7gp9-a, 7goy-a"
52206,OCc1cc(CNCC(O)COCc2ccc3c(c2)OCO3)no1,NIIZYAOPGZWXFG-UHFFFAOYSA-N,1,2,"{70137, 70138}",[],1,{1},[36345],"{51673, 51607}",[221],Epoxide_+_amine_coupling,False,[2134],"7gp9-a, 7goy-a"
52327,OC(CNCc1cc(C2CC2)on1)COCc1ccc2c(c1)OCO2,FKKIYKBSFHZELP-UHFFFAOYSA-N,1,2,"{70566, 70567}",[],1,{1},[36466],"{51714, 51607}",[222],Epoxide_+_amine_coupling,False,[2134],"7gp9-a, 7goy-a"
52359,OC(CNCc1noc2c1CCC2)COCc1ccc2c(c1)OCO2,BXGRPGAJSDDHQT-UHFFFAOYSA-N,1,2,"{70643, 70644}",[],1,{1},[36498],"{51746, 51607}",[223],Epoxide_+_amine_coupling,False,[2134],"7gp9-a, 7goy-a"
52376,CC(C)c1cc(CNCC(O)COCc2ccc3c(c2)OCO3)no1,WZERGSBAUXZWNO-UHFFFAOYSA-N,1,1,{70670},[],1,{1},[36515],"{51763, 51607}",[224],Epoxide_+_amine_coupling,False,[2134],"7gp9-a, 7goy-a"
52382,Cc1cc(C(=O)N(N)CC(O)COCc2ccc3c(c2)OCO3)no1,DQVWWFMRHDAAKM-UHFFFAOYSA-N,1,0,set(),[],1,{1},[36521],"{51769, 51607}",[225],Epoxide_+_amine_coupling,False,[2134],"7gp9-a, 7goy-a"
52399,CC(C)c1conc1CNCC(O)COCc1ccc2c(c1)OCO2,ACEJOIDWBUABKD-UHFFFAOYSA-N,1,2,"{70713, 70714}",[],1,{1},[36538],"{51785, 51607}",[226],Epoxide_+_amine_coupling,False,[2134],"7gp9-a, 7goy-a"
52406,O=C(O)c1conc1CNCC(O)COCc1ccc2c(c1)OCO2,JXMXKEILSHWVSK-UHFFFAOYSA-N,1,2,"{70729, 70730}",[],1,{1},[36545],"{51792, 51607}",[227],Epoxide_+_amine_coupling,False,[2134],"7gp9-a, 7goy-a"
52410,COCc1cc(CNCC(O)COCc2ccc3c(c2)OCO3)no1,XHILQPOZQCELRU-UHFFFAOYSA-N,1,2,"{70736, 70735}",[],1,{1},[36549],"{51796, 51607}",[228],Epoxide_+_amine_coupling,False,[2134],"7gp9-a, 7goy-a"
52412,OC(CNCc1cc(C(F)F)on1)COCc1ccc2c(c1)OCO2,XYHSQAQIBMQZTH-UHFFFAOYSA-N,1,2,"{70737, 70738}",[],1,{1},[36551],"{51798, 51607}",[229],Epoxide_+_amine_coupling,False,[2134],"7gp9-a, 7goy-a"
52416,O=C(O)c1cc(CNCC(O)COCc2ccc3c(c2)OCO3)no1,FRVPWMJJDNPQPH-UHFFFAOYSA-N,1,2,"{70746, 70747}",[],1,{1},[36555],"{51802, 51607}",[230],Epoxide_+_amine_coupling,False,[2134],"7gp9-a, 7goy-a"
52763,COC(=O)c1conc1CNCC(O)COCc1ccc2c(c1)OCO2,PIDJZEYHNBKPHV-UHFFFAOYSA-N,1,2,"{71933, 71934}",[],1,{1},[36902],"{51948, 51607}",[231],Epoxide_+_amine_coupling,False,[2134],"7gp9-a, 7goy-a"
52764,CC(C)(NCC(O)COCc1ccc2c(c1)OCO2)c1cc(CO)on1,NMTBOFYUHPEFJN-UHFFFAOYSA-N,1,2,"{71936, 71935}",[],1,{1},[36903],"{51949, 51607}",[232],Epoxide_+_amine_coupling,False,[2134],"7gp9-a, 7goy-a"
52765,CC(F)(F)c1cc(CNCC(O)COCc2ccc3c(c2)OCO3)no1,XULAPSJJOGAXAD-UHFFFAOYSA-N,1,2,"{71937, 71938}",[],1,{1},[36904],"{51950, 51607}",[233],Epoxide_+_amine_coupling,False,[2134],"7gp9-a, 7goy-a"
52769,OC(CNCc1cc(C(F)(F)F)on1)COCc1ccc2c(c1)OCO2,NDURFNWHAWMNJN-UHFFFAOYSA-N,1,2,"{71946, 71947}",[],1,{1},[36908],"{51953, 51607}",[234],Epoxide_+_amine_coupling,False,[2134],"7gp9-a, 7goy-a"
52771,CC(C)Cc1cc(CNCC(O)COCc2ccc3c(c2)OCO3)no1,AJSUYBZEJJYGCZ-UHFFFAOYSA-N,1,2,"{71952, 71953}",[],1,{1},[36910],"{51955, 51607}",[235],Epoxide_+_amine_coupling,False,[2134],"7gp9-a, 7goy-a"
52776,COC(=O)c1cc(CNCC(O)COCc2ccc3c(c2)OCO3)no1,GDZCMGGHURUEEE-UHFFFAOYSA-N,1,2,"{71963, 71964}",[],1,{1},[36915],"{51960, 51607}",[236],Epoxide_+_amine_coupling,False,[2134],"7gp9-a, 7goy-a"
52785,[N-]=[N+]=NCc1cc(CNCC(O)COCc2ccc3c(c2)OCO3)no1,MDTLUAWJUVRGSV-UHFFFAOYSA-N,1,0,set(),[],1,{1},[36924],"{51968, 51607}",[238],Epoxide_+_amine_coupling,False,[2134],"7gp9-a, 7goy-a"
52787,CC(C)(C)c1conc1CNCC(O)COCc1ccc2c(c1)OCO2,UFGXJFSXJRTXOK-UHFFFAOYSA-N,1,2,"{71978, 71979}",[],1,{1},[36926],"{51970, 51607}",[239],Epoxide_+_amine_coupling,False,[2134],"7gp9-a, 7goy-a"
52795,[N-]=[N+]=NCc1cc(CNCC(O)COCc2ccc3c(c2)OCO3)on1,NEMRHPKZQFNURV-UHFFFAOYSA-N,1,0,set(),[],1,{1},[36934],"{51978, 51607}",[240],Epoxide_+_amine_coupling,False,[2134],"7gp9-a, 7goy-a"
52800,OC(CNCc1cc(CC2CC2)on1)COCc1ccc2c(c1)OCO2,IMVQJIVKGXHKAV-UHFFFAOYSA-N,1,2,"{72003, 72004}",[],1,{1},[36939],"{51982, 51607}",[241],Epoxide_+_amine_coupling,False,[2134],"7gp9-a, 7goy-a"
52806,OC(CNCc1noc2c1COCC2)COCc1ccc2c(c1)OCO2,HKCWSSAWZOMABC-UHFFFAOYSA-N,1,2,"{72017, 72018}",[],1,{1},[36945],"{51988, 51607}",[242],Epoxide_+_amine_coupling,False,[2134],"7gp9-a, 7goy-a"
52809,OC(CNCc1noc2ccccc12)COCc1ccc2c(c1)OCO2,JMLHMPZULOJANB-UHFFFAOYSA-N,1,2,"{72027, 72028}",[],1,{1},[36948],"{51991, 51607}",[243],Epoxide_+_amine_coupling,False,[2134],"7gp9-a, 7goy-a"
52810,OC(CNCc1noc2c1CCCC2)COCc1ccc2c(c1)OCO2,DBBFULBMZPOILQ-UHFFFAOYSA-N,1,2,"{72029, 72030}",[],1,{1},[36949],"{51992, 51607}",[244],Epoxide_+_amine_coupling,False,[2134],"7gp9-a, 7goy-a"
52813,CC(C)(C)c1cc(CNCC(O)COCc2ccc3c(c2)OCO3)no1,SNOYWNZDPXYZTG-UHFFFAOYSA-N,1,2,"{72034, 72035}",[],1,{1},[36952],"{51995, 51607}",[245],Epoxide_+_amine_coupling,False,[2134],"7gp9-a, 7goy-a"
52814,O=C(NCC(O)COCc1ccc2c(c1)OCO2)c1cc(C(=O)O)on1,CNRDWCOQJNHRAG-UHFFFAOYSA-N,1,2,"{72036, 72037}",[],1,{1},[36953],"{51996, 51607}",[246],Epoxide_+_amine_coupling,False,[2134],"7gp9-a, 7goy-a"
52816,CC(NCC(O)COCc1ccc2c(c1)OCO2)c1nocc1C(=O)O,WKTYSNGYVJNUGB-UHFFFAOYSA-N,1,4,"{72040, 72041, 72042, 72043}",[],1,{1},[36955],"{51998, 51607}",[247],Epoxide_+_amine_coupling,False,[2134],"7gp9-a, 7goy-a"
52819,O=C(NCC(O)COCc1ccc2c(c1)OCO2)c1cc(C2CC2)on1,ZCILEOZSYIHPNN-UHFFFAOYSA-N,1,1,{72049},[],1,{1},[36958],"{52001, 51607}",[248],Epoxide_+_amine_coupling,False,[2134],"7gp9-a, 7goy-a"
53172,CC(C)(NCC(O)COCc1ccc2c(c1)OCO2)c1cc(C(F)F)on1,WQRBOLVFKYKQHV-UHFFFAOYSA-N,1,1,{73349},[],1,{1},[37311],"{52043, 51607}",[249],Epoxide_+_amine_coupling,False,[2134],"7gp9-a, 7goy-a"
53182,OC(CNCc1cc(-c2ccco2)on1)COCc1ccc2c(c1)OCO2,CMKJBIDKCFEUJX-UHFFFAOYSA-N,1,2,"{73368, 73367}",[],1,{1},[37321],"{52053, 51607}",[250],Epoxide_+_amine_coupling,False,[2134],"7gp9-a, 7goy-a"
53185,OC(CNCc1cc(C2CCCC2)on1)COCc1ccc2c(c1)OCO2,YCLPYXBRTLECDO-UHFFFAOYSA-N,1,2,"{73373, 73374}",[],1,{1},[37324],"{52056, 51607}",[251],Epoxide_+_amine_coupling,False,[2134],"7gp9-a, 7goy-a"
53188,CC(C)(NCC(O)COCc1ccc2c(c1)OCO2)c1nocc1C(=O)O,MZLBQPTUCXFKIV-UHFFFAOYSA-N,1,1,{73376},[],1,{1},[37327],"{52059, 51607}",[252],Epoxide_+_amine_coupling,False,[2134],"7gp9-a, 7goy-a"
53194,NS(=O)(=O)c1cc(C(=O)NCC(O)COCc2ccc3c(c2)OCO3)no1,GOBIZMXFRILIEJ-UHFFFAOYSA-N,1,2,"{73388, 73389}",[],1,{1},[37333],"{52064, 51607}",[253],Epoxide_+_amine_coupling,False,[2134],"7gp9-a, 7goy-a"
53197,CC(C)(NCC(O)COCc1ccc2c(c1)OCO2)c1cc(C(=O)O)on1,AUMBHWKSRLTLQN-UHFFFAOYSA-N,1,2,"{73394, 73395}",[],1,{1},[37336],"{52067, 51607}",[254],Epoxide_+_amine_coupling,False,[2134],"7gp9-a, 7goy-a"
53210,OC(CNCc1cc(-c2cccs2)on1)COCc1ccc2c(c1)OCO2,XEZYJZVYECBKNC-UHFFFAOYSA-N,1,2,"{73412, 73413}",[],1,{1},[37349],"{52080, 51607}",[256],Epoxide_+_amine_coupling,False,[2134],"7gp9-a, 7goy-a"
53234,OC(CNCc1noc2cc(F)ccc12)COCc1ccc2c(c1)OCO2,YSSXKQABABRQOV-UHFFFAOYSA-N,1,2,"{73456, 73457}",[],1,{1},[37373],"{52103, 51607}",[257],Epoxide_+_amine_coupling,False,[2134],"7gp9-a, 7goy-a"
53235,ON=C(NCC(O)COCc1ccc2c(c1)OCO2)c1cc(C2CC2)on1,ZKRCANBCERNKGL-UHFFFAOYSA-N,1,2,"{73458, 73459}",[],1,{1},[37374],"{52104, 51607}",[258],Epoxide_+_amine_coupling,False,[2134],"7gp9-a, 7goy-a"
53238,OC(CNCc1cc(-c2ccoc2)on1)COCc1ccc2c(c1)OCO2,MUMXQHDJYXUPPN-UHFFFAOYSA-N,1,2,"{73464, 73465}",[],1,{1},[37377],"{52107, 51607}",[259],Epoxide_+_amine_coupling,False,[2134],"7gp9-a, 7goy-a"
53240,OC(CNCc1noc2ccc(F)cc12)COCc1ccc2c(c1)OCO2,RMMBGNQHPUKMIR-UHFFFAOYSA-N,1,2,"{73468, 73469}",[],1,{1},[37379],"{52109, 51607}",[260],Epoxide_+_amine_coupling,False,[2134],"7gp9-a, 7goy-a"
53242,OC(CNCc1noc2c1CCCCC2)COCc1ccc2c(c1)OCO2,NEEAAPDZDWJCPX-UHFFFAOYSA-N,1,2,"{73472, 73473}",[],1,{1},[37381],"{52111, 51607}",[261],Epoxide_+_amine_coupling,False,[2134],"7gp9-a, 7goy-a"
53252,CC1CCc2onc(CNCC(O)COCc3ccc4c(c3)OCO4)c2C1,FORKVXASPOHOMM-UHFFFAOYSA-N,1,4,"{73498, 73499, 73500, 73501}",[],1,{1},[37391],"{52121, 51607}",[262],Epoxide_+_amine_coupling,False,[2134],"7gp9-a, 7goy-a"
53271,CCOC(=O)c1conc1CNCC(O)COCc1ccc2c(c1)OCO2,BBFAOIHLDWUGME-UHFFFAOYSA-N,1,2,"{73569, 73570}",[],1,{1},[37410],"{52124, 51607}",[263],Epoxide_+_amine_coupling,False,[2134],"7gp9-a, 7goy-a"
53881,CC1C(OC(=O)c2ccc3ccn(C)c3c2)C2CCN1CC2,XXHIYSYREFNUOT-UHFFFAOYSA-N,1,0,set(),[],1,{1},[37843],"{7274, 53806}",[264],Steglich_esterification,False,[5906],"7gok-a, 7gp2-a"
54184,C=CC(COC(=O)c1ccc2ccn(C)c2c1)N1CCCCC1,GDZPXAULMQRJNO-UHFFFAOYSA-N,1,2,"{74420, 74421}",[],1,{1},[38146],"{53873, 7274}",[265],Steglich_esterification,False,[5906],"7gok-a, 7gp2-a"
54188,Cn1ccc2ccc(C(=O)OCC3CCC4CCCCN43)cc21,NDZFUGUQMJKASP-UHFFFAOYSA-N,1,4,"{74434, 74435, 74436, 74437}",[],1,{1},[38150],"{7274, 53876}",[266],Steglich_esterification,False,[5906],"7gok-a, 7gp2-a"
54191,Cn1ccc2ccc(C(=O)OC3CCN(C4COC4)CC3)cc21,QKJSMIVKLRDHGO-UHFFFAOYSA-N,1,0,set(),[],1,{1},[38153],"{7274, 53879}",[267],Steglich_esterification,False,[5906],"7gok-a, 7gp2-a"
54894,CC(COC(=O)c1ccc2c(C#N)cn(C)c2c1)N1CCCCC1,KFOSNUWKODSRHY-UHFFFAOYSA-N,1,2,"{76168, 76169}",[],1,{1},[38856],"{53805, 7319}",[270],Steglich_esterification,False,[5906],"7gok-a, 7gp2-a"
54909,CC(COC(=O)c1ccc2c(C=O)cn(C)c2c1)N1CCCCC1,NCXDRRAGPLHRDG-UHFFFAOYSA-N,1,2,"{76202, 76203}",[],1,{1},[38871],"{53805, 7309}",[271],Steglich_esterification,False,[5906],"7gok-a, 7gp2-a"
54910,CC1C(OC(=O)c2ccc3c(C=O)cn(C)c3c2)C2CCN1CC2,KSWFDAVXCVQXIT-UHFFFAOYSA-N,1,0,set(),[],1,{1},[38872],"{7309, 53806}",[272],Steglich_esterification,False,[5906],"7gok-a, 7gp2-a"
54919,CC1C(OC(=O)c2ccc3c(C#N)cn(C)c3c2)C2CCN1CC2,QADDCRTVVFPYFD-UHFFFAOYSA-N,1,0,set(),[],1,{1},[38881],"{53806, 7319}",[273],Steglich_esterification,False,[5906],"7gok-a, 7gp2-a"
55068,CC(COC(=O)c1ccc2ccn(C(C)C)c2c1)N1CCCCC1,FZJDPVCOOBSYOS-UHFFFAOYSA-N,1,2,"{76600, 76599}",[],1,{1},[39030],"{7316, 53805}",[274],Steglich_esterification,False,[5906],"7gok-a, 7gp2-a"
