hippo_id,smiles,inchikey,required_amount_mg,quoted_amount,quote_currency,quote_price,quote_lead_time_days,quote_supplier,quote_catalogue,quote_entry,quoted_smiles,quoted_purity,num_reaction_dependencies,num_product_dependencies,reaction_dependencies,product_dependencies,chemistry_types,scaffold_series
51607,c1cc2c(cc1COCC1CO1)OCO2,NZLSEGOANYTJBP-UHFFFAOYSA-N,57.0,60.0,EUR,51.0,5,Enamine,In stock,EN300-09427,c1cc2c(cc1COCC1CO1)OCO2,,57,57,"[36265, 36267, 36270, 36271, 36272, 36276, 36279, 36281, 36309, 36310, 36312, 36318, 36323, 36330, 36331, 36343, 36345, 36466, 36498, 36515, 36521, 36538, 36545, 36549, 36551, 36555, 36902, 36903, 36904, 36908, 36910, 36915, 36924, 36926, 36934, 36939, 36945, 36948, 36949, 36952, 36953, 36955, 36958, 37311, 37321, 37324, 37327, 37333, 37336, 37349, 37373, 37374, 37377, 37379, 37381, 37391, 37410]","[2134, 52128, 52131, 52132, 52133, 52137, 52140, 52142, 52170, 52171, 52173, 52179, 52184, 52191, 52192, 52204, 52206, 52327, 52359, 52376, 52382, 52399, 52406, 52410, 52412, 52416, 52763, 52764, 52765, 52769, 52771, 52776, 52785, 52787, 52795, 52800, 52806, 52809, 52810, 52813, 52814, 52816, 52819, 53172, 53182, 53185, 53188, 53194, 53197, 53210, 53234, 53235, 53238, 53240, 53242, 53252, 53271]",Epoxide_+_amine_coupling,[2134]
51611,NCc1ccon1,NRYCMMCUURADTR-UHFFFAOYSA-N,1.0,1.0,EUR,14.0,5,Enamine,In stock,EN300-108328,NCc1ccon1,,1,1,[36265],[2134],Epoxide_+_amine_coupling,[2134]
21385,O=C(O)C1CCN(c2cc(=O)[nH]cn2)CC1,UXBQIJNWMJIUCA-UHFFFAOYSA-N,6.0,8.0,EUR,86.0,5,Enamine,In stock,EN300-7431712,O=C(O)C1CCN(c2cc(=O)[nH]cn2)CC1,,6,6,"[11264, 11301, 11303, 11309, 11571, 11596]","[2845, 21573, 21575, 21581, 21843, 21868]",Amidation,[2845]
21471,NCCc1ccno1,QERJFBGPSMQXGL-UHFFFAOYSA-N,1.0,1.0,EUR,69.0,5,Enamine,In stock,EN300-343124,NCCc1ccno1,,1,1,[11264],[2845],Amidation,[2845]
13126,O=C(O)c1cc(CN2CCCCC2)on1,NARCGKIHGJYFGP-UHFFFAOYSA-N,55.0,56.0,EUR,219.0,5,Enamine,In stock,EN300-219769,O=C(O)c1cc(CN2CCCCC2)on1,,55,55,"[4519, 4571, 4573, 4582, 4585, 4589, 5248, 5249, 5253, 5254, 5256, 5312, 5327, 5328, 5341, 5343, 5344, 5349, 5498, 5501, 5509, 5510, 5511, 5512, 17396, 17453, 17454, 17458, 17461, 17463, 17468, 17469, 17472, 17473, 17477, 17479, 18351, 18354, 18363, 18372, 18405, 18413, 18837, 18840, 18841, 18849, 18853, 18858, 18859, 18871, 18872, 18874, 18890, 18895, 18897]","[3233, 3254, 3264, 13310, 13312, 13321, 13324, 13328, 13987, 13988, 13992, 13993, 13995, 14051, 14066, 14067, 14080, 14082, 14083, 14088, 14237, 14240, 14248, 14249, 14250, 14251, 28825, 28826, 28830, 28833, 28835, 28840, 28841, 28844, 28845, 28849, 28851, 29847, 29856, 29865, 29898, 29906, 30330, 30333, 30334, 30342, 30346, 30351, 30352, 30364, 30365, 30367, 30383, 30388, 30390]",Amidation,"[3233, 3254, 3264]"
28670,CS(=O)(=O)CCCCCN,FBIOSNLQVWNGLC-UHFFFAOYSA-N,1.0,1.0,EUR,47.0,5,Enamine,In stock,EN300-152576,CS(=O)(=O)CCCCCN,,1,1,[17396],[3233],Amidation,[3233]
13159,COCCN(C)CCCN,HKXOLSWLDQZOTG-UHFFFAOYSA-N,1.0,1.0,EUR,35.0,5,Enamine,In stock,EN300-39240,COCCN(C)CCCN,,1,1,[4519],[3254],Amidation,[3254]
29789,NCCOC(F)F,XVHQHDWOVYAABP-UHFFFAOYSA-N,1.0,1.0,EUR,67.0,5,Enamine,In stock,EN300-190781,NCCOC(F)F,,1,1,[18351],[3264],Amidation,[3264]
14284,OCc1cc(C2CCNCC2)no1,FICFSHKTPFXGTP-UHFFFAOYSA-N,3.0,3.0,EUR,65.0,5,Enamine,In stock,EN300-6496603,OCc1cc(C2CCNCC2)no1,,3,3,"[33152, 33154, 33157]","[3360, 46911, 46914]",Mitsunobu_reaction_with_amine_alcohol_and_thioalcohol,[3360]
46569,c1nc2n(n1)CCNC2,DXJKRLHHCGXHMB-UHFFFAOYSA-N,2.0,2.0,EUR,14.0,5,Enamine,In stock,EN300-141224,c1nc2n(n1)CCNC2,,2,2,"[33152, 33726]","[3360, 47483]",Mitsunobu_reaction_with_amine_alcohol_and_thioalcohol,[3360]
35318,O=C(O)CCc1ccc2c(c1)OCCO2,JYAJUMPCPQRKKU-UHFFFAOYSA-N,1.0,1.0,EUR,24.0,5,Enamine,In stock,EN300-24291,O=C(O)CCc1ccc2c(c1)OCCO2,,1,1,[23333],[3996],Steglich_esterification,[3996]
35417,OCCSCc1ccno1,SGURMNNJNCDJFR-UHFFFAOYSA-N,3.0,3.0,EUR,64.0,5,Enamine,In stock,EN300-4221229,OCCSCc1ccno1,,3,3,"[23333, 23346, 23354]","[3996, 35523, 35531]",Steglich_esterification,[3996]
14291,O=C(O)c1cc(C2CNC2)no1,DREOKDJWILQADL-UHFFFAOYSA-N,24.0,24.0,EUR,140.0,5,Enamine,In stock,EN300-6746709,O=C(O)c1cc(C2CNC2)no1,,24,24,"[22897, 22904, 22913, 28595, 28598, 28600, 28621, 31143, 31146, 31157, 31158, 31160, 31161, 31220, 31225, 31227, 31239, 31246, 31489, 31497, 31498, 32107, 32483, 32547]","[5315, 5316, 5327, 7248, 34889, 34898, 41135, 41137, 41158, 44464, 44475, 44476, 44478, 44479, 44538, 44543, 44545, 44557, 44564, 44807, 44815, 44816, 45425, 45963]",Amidation,"[5315, 5316, 5327, 7248]"
43823,COC(CN)C1CCC1,NEPDCNILKHFKFQ-UHFFFAOYSA-N,1.0,1.0,EUR,53.0,5,Enamine,In stock,EN300-306500,COC(CN)C1CCC1,,1,1,[31143],[5315],Amidation,[5315]
41039,COCC(N)c1nnn[nH]1,JAOMCZDCXWZTMU-UHFFFAOYSA-N,3.0,3.0,EUR,66.0,5,Enamine,In stock,EN300-391801,COCC(N)c1nnn[nH]1,,3,3,"[28595, 28688, 28696]","[5316, 41225, 41233]",Amidation,[5316]
45808,NCC(O)COCC1CC1,CPNLELVAINVYEJ-UHFFFAOYSA-N,3.0,3.0,EUR,26.0,5,Enamine,In stock,EN300-61371,NCC(O)COCC1CC1,,3,3,"[32483, 32662, 32723]","[5327, 46078, 46139]",Amidation,[5327]
7274,Cn1ccc2ccc(C(=O)O)cc21,DJQOGNYSBOIJKE-UHFFFAOYSA-N,19.0,20.0,EUR,14.0,5,Enamine,In stock,EN300-151126,Cn1ccc2ccc(C(=O)O)cc21,,19,19,"[1, 10, 13, 417, 418, 425, 443, 451, 453, 454, 455, 458, 462, 6121, 37842, 37843, 38146, 38150, 38153]","[5856, 5906, 7446, 7449, 7853, 7854, 7861, 7879, 7887, 7889, 7890, 7891, 7894, 7898, 15201, 53881, 54184, 54188, 54191]","Amidation, Steglich_esterification","[5856, 5868, 5906]"
7339,CC(CN)N1CCCCC1,UNIIVAXJUCKZHT-UHFFFAOYSA-N,4.0,5.0,EUR,19.0,5,Enamine,In stock,EN300-51027,CC(CN)N1CCCCC1,,4,4,"[1, 1227, 1237, 1285]","[5856, 8663, 8673, 8721]",Amidation,[5856]
14991,O=C(O)c1ccc2cc[nH]c2c1,GHTDODSYDCPOCW-UHFFFAOYSA-N,1.0,1.0,EUR,14.0,5,Enamine,In stock,EN300-39568,O=C(O)c1ccc2cc[nH]c2c1,,1,1,[6090],[5868],Amidation,[5868]
15074,NC1CC(N2CCCCC2)C1,CPCFYUJKIUDIFA-UHFFFAOYSA-N,8.0,8.0,EUR,97.0,5,Enamine,In stock,EN300-192478,NC1CC(N2CCCCC2)C1,,8,8,"[6090, 6100, 6121, 6138, 6161, 6745, 7106, 7294]","[5868, 15180, 15201, 15218, 15241, 15825, 16186, 16374]",Amidation,[5868]
53805,CC(CO)N1CCCCC1,VNLCHZSSJTZGBR-UHFFFAOYSA-N,4.0,5.0,EUR,30.0,5,Enamine,In stock,EN300-269919,CC(CO)N1CCCCC1,,4,4,"[37842, 38856, 38871, 39030]","[5906, 54894, 54909, 55068]",Steglich_esterification,[5906]
38944,COc1cc2c(cc1C=O)OCO2,NCIYDDIPUGCVKX-UHFFFAOYSA-N,2.0,2.0,EUR,14.0,5,Enamine,In stock,EN300-135257,COc1cc2c(cc1C=O)OCO2,,2,2,"[26656, 26902]","[7068, 39346]",Reductive_amination,[7068]
39005,NCC(F)(F)c1cccnc1,OUFOVXWJIAOAHT-UHFFFAOYSA-N,3.0,3.0,EUR,143.0,5,Enamine,In stock,EN300-126803,NCC(F)(F)c1cccnc1,,3,3,"[26656, 26658, 26788]","[7068, 39102, 39232]",Reductive_amination,[7068]
16650,O=C(O)c1cc(C2CCC2)no1,NZCUAOMMUYVSRT-UHFFFAOYSA-N,3.0,3.0,EUR,75.0,5,Enamine,In stock,EN300-1827684,O=C(O)c1cc(C2CCC2)no1,,3,3,"[7570, 7717, 7910]","[7190, 16924, 17117]",Amidation,[7190]
16700,NCC1CCCCS1,VLEJBHDPGPXFNH-UHFFFAOYSA-N,1.0,1.0,EUR,57.0,5,Enamine,In stock,EN300-98361,NCC1CCCCS1,,1,1,[7570],[7190],Amidation,[7190]
34614,NC(CF)C(F)(F)F,MDEHGMBTTVXROH-UHFFFAOYSA-N,1.0,1.0,EUR,63.0,5,Enamine,In stock,EN300-7492666,NC(CF)C(F)(F)F,,1,1,[22897],[7248],Amidation,[7248]
7348,CC1C(N)C2CCN1CC2,NIBLFQFBAYHCQS-UHFFFAOYSA-N,4.0,5.0,EUR,81.0,5,Enamine,In stock,EN300-26675065,CC1C(N)C2CCN1CC2,,4,4,"[10, 1223, 1231, 1281]","[7446, 8659, 8667, 8717]",Amidation,[5856]
7351,C1CCN(C2CNC2)CC1,SRYMNAQUZAVQFT-UHFFFAOYSA-N,4.0,5.0,EUR,17.0,5,Enamine,In stock,EN300-7865261,C1CCN(C2CNC2)CC1,,4,4,"[13, 1226, 1228, 1284]","[7449, 8662, 8664, 8720]",Amidation,[5856]
7401,CC1CCN(C2CNC2)CC1,LSIKSBOLKDWDFG-UHFFFAOYSA-N,1.0,1.0,EUR,44.0,5,Enamine,In stock,EN300-7539604,CC1CCN(C2CNC2)CC1,,1,1,[417],[7853],Amidation,[5856]
7402,OC1CCN(C2CNC2)CC1,IHGNBJWWDCIHNA-UHFFFAOYSA-N,1.0,1.0,EUR,15.0,5,Enamine,In stock,EN300-7404012,OC1CCN(C2CNC2)CC1,,1,1,[418],[7854],Amidation,[5856]
7408,CC1(N2CCCCC2)CNC1,QRSGPLWMHWNZFC-UHFFFAOYSA-N,1.0,1.0,EUR,25.0,5,Enamine,In stock,EN300-24754302,CC1(N2CCCCC2)CNC1,,1,1,[425],[7861],Amidation,[5856]
7424,CCC(CN)N1CCCCC1,GAESVMYMWLXWCU-UHFFFAOYSA-N,1.0,1.0,EUR,15.0,5,Enamine,In stock,EN300-1253414,CCC(CN)N1CCCCC1,,1,1,[443],[7879],Amidation,[5856]
7426,C1CCN(C2CCNC2)CC1,BTZQCTWJDFNRMS-UHFFFAOYSA-N,1.0,1.0,EUR,15.0,5,Enamine,In stock,EN300-68734,C1CCN(C2CCNC2)CC1,,1,1,[451],[7887],Amidation,[5856]
7428,CC(C)(CN)N1CCCCC1,AIJCTHFQONDNCC-UHFFFAOYSA-N,1.0,1.0,EUR,14.0,5,Enamine,In stock,EN300-13587,CC(C)(CN)N1CCCCC1,,1,1,[453],[7889],Amidation,[5856]
7429,CC(CN)N1CCCCC1=O,WJADHLCBPWNDAF-UHFFFAOYSA-N,1.0,1.0,EUR,56.0,5,Enamine,In stock,EN300-170517,CC(CN)N1CCCCC1=O,,1,1,[454],[7890],Amidation,[5856]
7430,CC1CCCN(C(C)CN)C1,UZMIFBCNBIXTAN-UHFFFAOYSA-N,1.0,1.0,EUR,15.0,5,Enamine,In stock,EN300-40202,CC1CCCN(C(C)CN)C1,,1,1,[455],[7891],Amidation,[5856]
7433,CC1CCN(C(C)CN)CC1,QTSXXNDKPSOUPU-UHFFFAOYSA-N,1.0,1.0,EUR,15.0,5,Enamine,In stock,EN300-57151,CC1CCN(C(C)CN)CC1,,1,1,[458],[7894],Amidation,[5856]
7437,O=C1CCCCN1C1CNC1,LSSRIQKYDNRLIM-UHFFFAOYSA-N,1.0,1.0,EUR,53.0,5,Enamine,In stock,EN300-659029,O=C1CCCCN1C1CNC1,,1,1,[462],[7898],Amidation,[5856]
7316,CC(C)n1ccc2ccc(C(=O)O)cc21,WUGHVWTWRRQKDA-UHFFFAOYSA-N,4.0,4.0,EUR,14.0,5,Enamine,In stock,EN300-191887,CC(C)n1ccc2ccc(C(=O)O)cc21,,4,4,"[1223, 1226, 1237, 39030]","[8659, 8662, 8673, 55068]","Amidation, Steglich_esterification","[5856, 5906]"
7309,Cn1cc(C=O)c2ccc(C(=O)O)cc21,ITHUDQKNWMPXPG-UHFFFAOYSA-N,5.0,5.0,EUR,59.0,5,Enamine,In stock,EN300-322355,Cn1cc(C=O)c2ccc(C(=O)O)cc21,,5,5,"[1227, 1228, 1231, 38871, 38872]","[8663, 8664, 8667, 54909, 54910]","Amidation, Steglich_esterification","[5856, 5906]"
7319,Cn1cc(C#N)c2ccc(C(=O)O)cc21,IEMPLRHXVVFUBY-UHFFFAOYSA-N,5.0,5.0,EUR,68.0,5,Enamine,In stock,EN300-28823686,Cn1cc(C#N)c2ccc(C(=O)O)cc21,,5,5,"[1281, 1284, 1285, 38856, 38881]","[8717, 8720, 8721, 54894, 54919]","Amidation, Steglich_esterification","[5856, 5906]"
13181,NC1CC1N1CCOCC1,HTKGTZIHYIMCCJ-UHFFFAOYSA-N,1.0,1.0,EUR,83.0,5,Enamine,In stock,EN300-252044,NC1CC1N1CCOCC1,,1,1,[4571],[13310],Amidation,[3254]
13161,NC1CCN(C2COC2)C1,PFMPDNZPMZCNHS-UHFFFAOYSA-N,1.0,1.0,EUR,67.0,5,Enamine,In stock,EN300-7427198,NC1CCN(C2COC2)C1,,1,1,[4573],[13312],Amidation,[3254]
13170,NCC1CN(C2COC2)C1,RVPOPAKKJDXVSF-UHFFFAOYSA-N,1.0,1.0,EUR,63.0,5,Enamine,In stock,EN300-7431651,NCC1CN(C2COC2)C1,,1,1,[4582],[13321],Amidation,[3254]
13174,COCCN1CCC(N)C1,SRWRVWNAMHIATJ-UHFFFAOYSA-N,1.0,1.0,EUR,18.0,5,Enamine,In stock,EN300-72186,COCCN1CCC(N)C1,,1,1,[4585],[13324],Amidation,[3254]
13178,NCCCN1CCOCC1,UIKUBYKUYUSRSM-UHFFFAOYSA-N,1.0,1.0,EUR,14.0,5,Enamine,In stock,EN300-19625,NCCCN1CCOCC1,,1,1,[4589],[13328],Amidation,[3254]
13188,NCCCN1CCCOCC1,VQNDWTGSBSDETB-UHFFFAOYSA-N,1.0,1.0,EUR,57.0,5,Enamine,In stock,EN300-2008130,NCCCN1CCCOCC1,,1,1,[5248],[13987],Amidation,[3254]
13189,NCC(O)CN1CCOCC1,YSGPOQDTHDLUGE-UHFFFAOYSA-N,1.0,1.0,EUR,14.0,5,Enamine,In stock,EN300-12626,NCC(O)CN1CCOCC1,,1,1,[5249],[13988],Amidation,[3254]
13192,COCCN1CCC(CN)C1,SVWDIDWSZJLAMB-UHFFFAOYSA-N,1.0,1.0,EUR,14.0,5,Enamine,In stock,EN300-57300,COCCN1CCC(CN)C1,,1,1,[5253],[13992],Amidation,[3254]
13193,NCCC(=O)N1CCOCC1,WVFZXCIIJBHBAA-UHFFFAOYSA-N,1.0,1.0,EUR,14.0,5,Enamine,In stock,EN300-27314,NCCC(=O)N1CCOCC1,,1,1,[5254],[13993],Amidation,[3254]
13194,COCCN1CCCNCC1,PDGPTNXEAQRUMD-UHFFFAOYSA-N,1.0,1.0,EUR,14.0,5,Enamine,In stock,EN300-6489117,COCCN1CCCNCC1,,1,1,[5256],[13995],Amidation,[3254]
13232,CC(N)CCN1CCOCC1,GWAZLPJZKQFTRM-UHFFFAOYSA-N,1.0,1.0,EUR,26.0,5,Enamine,In stock,EN300-76095,CC(N)CCN1CCOCC1,,1,1,[5312],[14051],Amidation,[3254]
13246,CNCCCN1CCOCC1,UKYSWWLKULEJFA-UHFFFAOYSA-N,1.0,1.0,EUR,14.0,5,Enamine,In stock,EN300-232314,CNCCCN1CCOCC1,,1,1,[5327],[14066],Amidation,[3254]
13247,CN1CCCNCCOCC1,GSRSKLJSNZLOCH-UHFFFAOYSA-N,1.0,1.0,EUR,90.0,5,Enamine,In stock,EN300-314818,CN1CCCNCCOCC1,,1,1,[5328],[14067],Amidation,[3254]
13208,COCC(=O)N1CC(CN)C1,GCYDHLODBVDERW-UHFFFAOYSA-N,1.0,1.0,EUR,70.0,5,Enamine,In stock,EN300-178027,COCC(=O)N1CC(CN)C1,,1,1,[5341],[14080],Amidation,[3254]
13205,COCCN1CCC(N)CC1,ILMDRDDKNWKCNX-UHFFFAOYSA-N,1.0,1.0,EUR,14.0,5,Enamine,In stock,EN300-55883,COCCN1CCC(N)CC1,,1,1,[5343],[14082],Amidation,[3254]
13204,CC(CCN)N1CCOCC1,PJRDKXUODLOYBV-UHFFFAOYSA-N,1.0,1.0,EUR,15.0,5,Enamine,In stock,EN300-1260182,CC(CCN)N1CCOCC1,,1,1,[5344],[14083],Amidation,[3254]
13251,CC(CN)CN1CCOCC1,GPXXXZSVLBMZPW-UHFFFAOYSA-N,1.0,1.0,EUR,14.0,5,Enamine,In stock,EN300-69484,CC(CN)CN1CCOCC1,,1,1,[5349],[14088],Amidation,[3254]
13243,C1CN(CC2CNC2)CCO1,BTFCQCDQVVGYGJ-UHFFFAOYSA-N,1.0,1.0,EUR,44.0,5,Enamine,In stock,EN300-221418,C1CN(CC2CNC2)CCO1,,1,1,[5498],[14237],Amidation,[3254]
13240,C1CNCCN(C2COC2)C1,VVKLEWHVEJWLRR-UHFFFAOYSA-N,1.0,1.0,EUR,40.0,5,Enamine,In stock,EN300-7427197,C1CNCCN(C2COC2)C1,,1,1,[5501],[14240],Amidation,[3254]
13233,O=C1CCNC2COCCN12,XGUOQSNPHXUUFF-UHFFFAOYSA-N,1.0,1.0,EUR,62.0,5,Enamine,In stock,EN300-1608240,O=C1CCNC2COCCN12,,1,1,[5509],[14248],Amidation,[3254]
13231,CNC1CCN2CCOC1C2,KKEDUKRMHNJSDS-UHFFFAOYSA-N,1.0,1.0,EUR,149.0,5,Enamine,In stock,EN300-159953,CNC1CCN2CCOC1C2,,1,1,[5510],[14249],Amidation,[3254]
13230,C1CC(N2CCOCC2)CN1,OPJDRNMJJNFSNZ-UHFFFAOYSA-N,1.0,1.0,EUR,14.0,5,Enamine,In stock,EN300-8158754,C1CC(N2CCOCC2)CN1,,1,1,[5511],[14250],Amidation,[3254]
13229,NC1CC(N2CCOCC2)C1,PZRIVFTUPHKMSW-UHFFFAOYSA-N,1.0,1.0,EUR,79.0,5,Enamine,In stock,EN300-261916,NC1CC(N2CCOCC2)C1,,1,1,[5512],[14251],Amidation,[3254]
14995,Cc1c[nH]c2cc(C(=O)O)ccc12,NYOPDHGKWNANDV-UHFFFAOYSA-N,1.0,1.0,EUR,40.0,5,Enamine,In stock,EN300-3081092,Cc1c[nH]c2cc(C(=O)O)ccc12,,1,1,[6100],[15180],Amidation,[5868]
15008,O=C(O)c1ccc2cc[nH]c2c1F,LJUIVYSSKFZMBU-UHFFFAOYSA-N,1.0,1.0,EUR,22.0,5,Enamine,In stock,EN300-310463,O=C(O)c1ccc2cc[nH]c2c1F,,1,1,[6138],[15218],Amidation,[5868]
15015,O=C(O)c1cc(F)c2cc[nH]c2c1,AZRLJGFDKLHDFM-UHFFFAOYSA-N,1.0,1.0,EUR,42.0,5,Enamine,In stock,EN300-317495,O=C(O)c1cc(F)c2cc[nH]c2c1,,1,1,[6161],[15241],Amidation,[5868]
15045,COc1cc2cc[nH]c2cc1C(=O)O,IWRMGXTZKKOOIO-UHFFFAOYSA-N,1.0,1.0,EUR,34.0,5,Enamine,In stock,EN300-8617955,COc1cc2cc[nH]c2cc1C(=O)O,,1,1,[6745],[15825],Amidation,[5868]
15061,O=Cc1c[nH]c2cc(C(=O)O)ccc12,SZRGKSIBZRFCBG-UHFFFAOYSA-N,1.0,1.0,EUR,14.0,5,Enamine,In stock,EN300-237931,O=Cc1c[nH]c2cc(C(=O)O)ccc12,,1,1,[7106],[16186],Amidation,[5868]
15067,N#Cc1c[nH]c2cc(C(=O)O)ccc12,RBPLZJUCUDLJMX-UHFFFAOYSA-N,1.0,1.0,EUR,63.0,5,Enamine,In stock,EN300-342692,N#Cc1c[nH]c2cc(C(=O)O)ccc12,,1,1,[7294],[16374],Amidation,[5868]
16726,NCC1CCCCS1(=O)=O,ZTDDSIFYXBBMCO-UHFFFAOYSA-N,1.0,1.0,EUR,65.0,5,Enamine,In stock,EN300-132594,NCC1CCCCS1(=O)=O,,1,1,[7717],[16924],Amidation,[7190]
16772,O=S1(=O)CCCC2CNCC21,GELCKNHHQNYVSV-UHFFFAOYSA-N,1.0,1.0,EUR,65.0,5,Enamine,In stock,EN300-817968,O=S1(=O)CCCC2CNCC21,,1,1,[7910],[17117],Amidation,[7190]
18027,COc1cc(C=O)cc2c1OCO2,LOFRBHZYZCIOJO-UHFFFAOYSA-N,1.0,2.0,EUR,14.0,5,Enamine,In stock,EN300-11058,COc1cc(C=O)cc2c1OCO2,,1,1,[8981],[18331],Reductive_amination,[2022]
18129,NC(Cc1ccno1)C(=O)O,YZRGWMSKFDDWIE-UHFFFAOYSA-N,2.0,2.0,EUR,146.0,5,Enamine,In stock,EN300-263167,NC(Cc1ccno1)C(=O)O,,2,2,"[8981, 9207]","[18331, 18557]",Reductive_amination,[2022]
18028,COc1cc(C(=O)O)cc2c1OCO2,AOHAPDDBNAPPIN-UHFFFAOYSA-N,1.0,2.0,EUR,14.0,5,Enamine,In stock,EN300-2807300,COc1cc(C(=O)O)cc2c1OCO2,,1,1,[9207],[18557],Reductive_amination,[2022]
21475,NCCc1cc(=O)[nH]o1,BBXKZVVSSHFHRQ-UHFFFAOYSA-N,1.0,1.0,EUR,140.0,5,Enamine,In stock,EN300-1707976,NCCc1cc(=O)[nH]o1,,1,1,[11301],[21573],Amidation,[2845]
21476,Cc1cc(CCN)on1,XHFAVDGGUZWEND-UHFFFAOYSA-N,1.0,1.0,EUR,33.0,5,Enamine,In stock,EN300-211233,Cc1cc(CCN)on1,,1,1,[11303],[21575],Amidation,[2845]
21472,NCCc1cc(Br)no1,QEIHHMYEMPGRHM-UHFFFAOYSA-N,1.0,1.0,EUR,44.0,5,Enamine,In stock,EN300-27106066,NCCc1cc(Br)no1,,1,1,[11309],[21581],Amidation,[2845]
2971,c1cc(C2CCNC2)on1,ZQCMJHCSXCMVNR-UHFFFAOYSA-N,1.0,1.0,EUR,66.0,5,Enamine,In stock,EN300-6493793,c1cc(C2CCNC2)on1,,1,1,[11571],[21843],Amidation,[2845]
21506,CCc1cc(CCN)on1,QEXKWMPARQWXDN-UHFFFAOYSA-N,1.0,1.0,EUR,53.0,5,Enamine,In stock,EN300-20882064,CCc1cc(CCN)on1,,1,1,[11596],[21868],Amidation,[2845]
28681,O=S1(=O)CC2CCNC2C1,USZANPJZIZCJGJ-UHFFFAOYSA-N,1.0,1.0,EUR,57.0,5,Enamine,In stock,EN300-1703825,O=S1(=O)CC2CCNC2C1,,1,1,[17453],[28825],Amidation,[3233]
28671,NCC12CC1CS(=O)(=O)C2,YQOHCVJZIPVLDK-UHFFFAOYSA-N,1.0,1.0,EUR,65.0,5,Enamine,In stock,EN300-37463230,NCC12CC1CS(=O)(=O)C2,,1,1,[17454],[28826],Amidation,[3233]
28674,O=S1(=O)CC2CCC(C1)N2,XNUWJIVEALIHMO-UHFFFAOYSA-N,1.0,1.0,EUR,57.0,5,Enamine,In stock,EN300-6474689,O=S1(=O)CC2CCC(C1)N2,,1,1,[17458],[28830],Amidation,[3233]
28678,O=S1(=O)CCC2(CCN2)C1,SGZORFSHPUFKAH-UHFFFAOYSA-N,1.0,1.0,EUR,83.0,5,Enamine,In stock,EN300-2009741,O=S1(=O)CCC2(CCN2)C1,,1,1,[17461],[28833],Amidation,[3233]
28680,O=S1(=O)CC2CNC(C2)C1,TUZHZYPBESRUFW-UHFFFAOYSA-N,1.0,1.0,EUR,83.0,5,Enamine,In stock,EN300-28247225,O=S1(=O)CC2CNC(C2)C1,,1,1,[17463],[28835],Amidation,[3233]
28693,NCCC1CCS(=O)(=O)C1,JYDUHWBQZJDLJP-UHFFFAOYSA-N,1.0,1.0,EUR,23.0,5,Enamine,In stock,EN300-1212491,NCCC1CCS(=O)(=O)C1,,1,1,[17468],[28840],Amidation,[3233]
28692,NCC1CCCS(=O)(=O)C1,RORZQTKEELOESX-UHFFFAOYSA-N,1.0,1.0,EUR,39.0,5,Enamine,In stock,EN300-196870,NCC1CCCS(=O)(=O)C1,,1,1,[17469],[28841],Amidation,[3233]
28689,CS(=O)(=O)CC1CCCN1,VAVPZFZZRHYBLR-UHFFFAOYSA-N,1.0,1.0,EUR,44.0,5,Enamine,In stock,EN300-27780597,CS(=O)(=O)CC1CCCN1,,1,1,[17472],[28844],Amidation,[3233]
28694,CS(=O)(=O)CCC1CCN1,GHZXMJJMPRSNHW-UHFFFAOYSA-N,1.0,1.0,EUR,76.0,5,Enamine,In stock,EN300-37459378,CS(=O)(=O)CCC1CCN1,,1,1,[17473],[28845],Amidation,[3233]
28685,CS(=O)(=O)CC1CCC1N,RQOSFLOZVUHYDG-UHFFFAOYSA-N,1.0,1.0,EUR,59.0,5,Enamine,In stock,EN300-47320367,CS(=O)(=O)CC1CCC1N,,1,1,[17477],[28849],Amidation,[3233]
28688,CS(=O)(=O)C1CCCC1N,GKPNHSIGALZAJP-UHFFFAOYSA-N,1.0,1.0,EUR,45.0,5,Enamine,In stock,EN300-26976240,CS(=O)(=O)C1CCCC1N,,1,1,[17479],[28851],Amidation,[3233]
29790,CC(CN)OC(F)F,BMIRIMLLLFJLAN-UHFFFAOYSA-N,1.0,1.0,EUR,66.0,5,Enamine,In stock,EN300-6940259,CC(CN)OC(F)F,,1,1,[18354],[29847],Amidation,[3264]
29792,CNCCOC(F)F,XKBWSWCFCLPUMX-UHFFFAOYSA-N,1.0,1.0,EUR,64.0,5,Enamine,In stock,EN300-26865049,CNCCOC(F)F,,1,1,[18363],[29856],Amidation,[3264]
29798,NCCOC(F)(F)F,IJAQSERNJJEFFD-UHFFFAOYSA-N,1.0,1.0,EUR,14.0,5,Enamine,In stock,EN300-157756,NCCOC(F)(F)F,,1,1,[18372],[29865],Amidation,[3264]
29799,FC1(F)CNCCO1,ZERXODVGLXYBTH-UHFFFAOYSA-N,1.0,1.0,EUR,107.0,5,Enamine,In stock,EN300-224530,FC1(F)CNCCO1,,1,1,[18405],[29898],Amidation,[3264]
29791,FC(F)OC1CNC1,DRBMDELQCZMFKH-UHFFFAOYSA-N,1.0,1.0,EUR,32.0,5,Enamine,In stock,EN300-156761,FC(F)OC1CNC1,,1,1,[18413],[29906],Amidation,[3264]
29837,FC(F)OCC1CCN1,LWXIXOAQJBBOLA-UHFFFAOYSA-N,1.0,1.0,EUR,90.0,5,Enamine,In stock,EN300-4182551,FC(F)OCC1CCN1,,1,1,[18837],[30330],Amidation,[3264]
29829,NCCOC(F)(F)CBr,IHKSMXLSUJZNAY-UHFFFAOYSA-N,1.0,1.0,EUR,59.0,5,Enamine,In stock,EN300-46764408,NCCOC(F)(F)CBr,,1,1,[18840],[30333],Amidation,[3264]
29801,CC(C)(CN)OC(F)F,QNWFQMHAAZOJNP-UHFFFAOYSA-N,1.0,1.0,EUR,141.0,5,Enamine,In stock,EN300-200181,CC(C)(CN)OC(F)F,,1,1,[18841],[30334],Amidation,[3264]
29819,FC(F)(F)OC1CNC1,AQJPOLHQCSQUHQ-UHFFFAOYSA-N,1.0,1.0,EUR,46.0,5,Enamine,In stock,EN300-219445,FC(F)(F)OC1CNC1,,1,1,[18849],[30342],Amidation,[3264]
29817,CC(F)(F)OC1CNC1,CLFUKKKIZSLFQO-UHFFFAOYSA-N,1.0,1.0,EUR,89.0,5,Enamine,In stock,EN300-45685728,CC(F)(F)OC1CNC1,,1,1,[18853],[30346],Amidation,[3264]
29806,CC(CN)OC(F)(F)F,ITRWADNGSRKHKF-UHFFFAOYSA-N,1.0,1.0,EUR,53.0,5,Enamine,In stock,EN300-46984782,CC(CN)OC(F)(F)F,,1,1,[18858],[30351],Amidation,[3264]
29813,CNCCOC(F)(F)F,VHELLJPSLBTBKY-UHFFFAOYSA-N,1.0,1.0,EUR,30.0,5,Enamine,In stock,EN300-19081668,CNCCOC(F)(F)F,,1,1,[18859],[30352],Amidation,[3264]
29828,NC(CO)COC(F)F,FLBSDDGAPDWQAU-UHFFFAOYSA-N,1.0,1.0,EUR,89.0,5,Enamine,In stock,EN300-43356212,NC(CO)COC(F)F,,1,1,[18871],[30364],Amidation,[3264]
29816,FC(F)OC1CCNC1,CENPMZAOUBNUCY-UHFFFAOYSA-N,1.0,1.0,EUR,41.0,5,Enamine,In stock,EN300-202255,FC(F)OC1CCNC1,,1,1,[18872],[30365],Amidation,[3264]
29830,CC1(OC(F)F)CNC1,GGCUHTLRZLTIEK-UHFFFAOYSA-N,1.0,1.0,EUR,85.0,5,Enamine,In stock,EN300-1929749,CC1(OC(F)F)CNC1,,1,1,[18874],[30367],Amidation,[3264]
29811,CC(N)COC(F)(F)F,CYHCPKZOQXHZHN-UHFFFAOYSA-N,1.0,1.0,EUR,54.0,5,Enamine,In stock,EN300-7352828,CC(N)COC(F)(F)F,,1,1,[18890],[30383],Amidation,[3264]
29831,CC1COC(F)(F)CN1,BRQIDWATCIYSMX-UHFFFAOYSA-N,1.0,1.0,EUR,65.0,5,Enamine,In stock,EN300-47244833,CC1COC(F)(F)CN1,,1,1,[18895],[30388],Amidation,[3264]
29832,CC1CNCC(F)(F)O1,YUOSOWVISYRSAI-UHFFFAOYSA-N,1.0,1.0,EUR,59.0,5,Enamine,In stock,EN300-37443099,CC1CNCC(F)(F)O1,,1,1,[18897],[30390],Amidation,[3264]
34621,FC(F)(F)C1NCC1(F)F,QKUPBHNHZGWHHQ-UHFFFAOYSA-N,3.0,3.0,EUR,174.0,5,Enamine,In stock,EN300-37403068,FC(F)(F)C1NCC1(F)F,,3,3,"[22904, 23199, 23242]","[34889, 35184, 35227]",Amidation,[7248]
34630,NC(C(F)(F)F)C(F)(F)F,UHEDJBIYIWUMLU-UHFFFAOYSA-N,1.0,1.0,EUR,14.0,5,Enamine,In stock,EN300-715823,NC(C(F)(F)F)C(F)(F)F,,1,1,[22913],[34898],Amidation,[7248]
14295,CC(C)(C)OC(=O)N1CC(c2cc(C(=O)O)on2)C1,JPVVPIFCCSNEDJ-UHFFFAOYSA-N,10.0,10.0,EUR,97.0,5,Enamine,In stock,EN300-2006365,CC(C)(C)OC(=O)N1CC(c2cc(C(=O)O)on2)C1,,10,10,"[23199, 28688, 28718, 28720, 28749, 32193, 32200, 32203, 32662, 33009]","[35184, 41225, 41255, 41257, 41286, 45511, 45518, 45521, 46078, 46425]",Amidation,"[5315, 5316, 5327, 7248]"
14297,CC(C)(C)OC(=O)N1CC(C)(c2cc(C(=O)O)on2)C1,NPDBRKWOWONWGV-UHFFFAOYSA-N,7.0,7.0,EUR,86.0,5,Enamine,In stock,EN300-46626526,CC(C)(C)OC(=O)N1CC(C)(c2cc(C(=O)O)on2)C1,,7,7,"[23242, 28696, 28768, 28771, 28854, 32723, 33116]","[35227, 41233, 41305, 41308, 41391, 46139, 46532]",Amidation,"[5316, 5327, 7248]"
35331,CC(CC(=O)O)c1ccc2c(c1)OCCO2,FJWOGARQROIFRC-UHFFFAOYSA-N,1.0,1.0,EUR,59.0,5,Enamine,In stock,EN300-1723298,CC(CC(=O)O)c1ccc2c(c1)OCCO2,,1,1,[23346],[35523],Steglich_esterification,[3996]
35339,O=C(O)C1CC1c1ccc2c(c1)OCCO2,UAAGUSBYBOKQCT-UHFFFAOYSA-N,1.0,1.0,EUR,43.0,5,Enamine,In stock,EN300-1296266,O=C(O)C1CC1c1ccc2c(c1)OCCO2,,1,1,[23354],[35531],Steglich_esterification,[3996]
38946,COc1cc2c(cc1C(=O)O)OCO2,KISJQBUVHAHZFD-UHFFFAOYSA-N,2.0,2.0,EUR,51.0,5,Enamine,In stock,EN300-135765,COc1cc2c(cc1C(=O)O)OCO2,,2,2,"[26658, 27723]","[39102, 40167]",Reductive_amination,[7068]
38957,O=Cc1cc2c(cc1OC(F)F)OCO2,CAPIEPIEIICTKG-UHFFFAOYSA-N,1.0,1.0,EUR,53.0,5,Enamine,In stock,EN300-86392,O=Cc1cc2c(cc1OC(F)F)OCO2,,1,1,[26788],[39232],Reductive_amination,[7068]
39043,NC(=O)C(F)(F)c1ccc(Cl)nc1,LTOAXHPJUVFYRF-UHFFFAOYSA-N,2.0,2.0,EUR,69.0,5,Enamine,In stock,EN300-781045,NC(=O)C(F)(F)c1ccc(Cl)nc1,,2,2,"[26902, 27723]","[39346, 40167]",Reductive_amination,[7068]
41042,NC1(c2nnn[nH]2)CCOC1,LEKPTNCXVDSFQN-UHFFFAOYSA-N,3.0,3.0,EUR,62.0,5,Enamine,In stock,EN300-7444335,NC1(c2nnn[nH]2)CCOC1,,3,3,"[28598, 28718, 28768]","[41135, 41255, 41305]",Amidation,[5316]
41044,C1COCC(c2nnn[nH]2)N1,QOIAVNPURUDIMV-UHFFFAOYSA-N,3.0,3.0,EUR,75.0,5,Enamine,In stock,EN300-239825,C1COCC(c2nnn[nH]2)N1,,3,3,"[28600, 28720, 28771]","[41137, 41257, 41308]",Amidation,[5316]
41065,CCOC(=O)C(N)c1nnn[nH]1,CIDMRTBBBHQUDF-UHFFFAOYSA-N,3.0,3.0,EUR,64.0,5,Enamine,In stock,EN300-1074176,CCOC(=O)C(N)c1nnn[nH]1,,3,3,"[28621, 28749, 28854]","[41158, 41286, 41391]",Amidation,[5316]
43826,COC1C(N)CC12CCC2,DVCCKIHCUKGOOU-UHFFFAOYSA-N,2.0,2.0,EUR,70.0,5,Enamine,In stock,EN300-26982520,COC1C(N)CC12CCC2,,2,2,"[31146, 32203]","[44464, 45521]",Amidation,[5315]
43837,COC1CNCC12CCC2,CGBLFDKQYSQSJI-UHFFFAOYSA-N,2.0,2.0,EUR,64.0,5,Enamine,In stock,EN300-46798376,COC1CNCC12CCC2,,2,2,"[31157, 32200]","[44475, 45518]",Amidation,[5315]
43838,C1CC(C2CNCCO2)C1,YTPPDLPMYCHVGL-UHFFFAOYSA-N,2.0,2.0,EUR,69.0,5,Enamine,In stock,EN300-7434462,C1CC(C2CNCCO2)C1,,2,2,"[31158, 32193]","[44476, 45511]",Amidation,[5315]
43840,CNCC(OC)C1CCC1,XIZWFLGNXJOVBL-UHFFFAOYSA-N,1.0,1.0,EUR,61.0,5,Enamine,In stock,EN300-7544058,CNCC(OC)C1CCC1,,1,1,[31160],[44478],Amidation,[5315]
43841,CCOC(CN)C1CCC1,AOFACLYLUXTCRY-UHFFFAOYSA-N,1.0,1.0,EUR,25.0,5,Enamine,In stock,EN300-7541932,CCOC(CN)C1CCC1,,1,1,[31161],[44479],Amidation,[5315]
43900,C1CNCC(C2CCC2)OC1,NHGXGZYKWIPNRW-UHFFFAOYSA-N,1.0,1.0,EUR,61.0,5,Enamine,In stock,EN300-6837996,C1CNCC(C2CCC2)OC1,,1,1,[31220],[44538],Amidation,[5315]
43905,COC1C(N)COC12CCC2,IRAPTQRLNWVSCB-UHFFFAOYSA-N,1.0,1.0,EUR,73.0,5,Enamine,In stock,EN300-27106236,COC1C(N)COC12CCC2,,1,1,[31225],[44543],Amidation,[5315]
43907,COC(CN)C1CC(C)(C)C1,RYDHZHDVXMDLEF-UHFFFAOYSA-N,1.0,1.0,EUR,40.0,5,Enamine,In stock,EN300-39852152,COC(CN)C1CC(C)(C)C1,,1,1,[31227],[44545],Amidation,[5315]
43919,COC(CN)C1CC(F)(F)C1,ARERVKRLLCVYQP-UHFFFAOYSA-N,1.0,1.0,EUR,66.0,5,Enamine,In stock,EN300-6175651,COC(CN)C1CC(F)(F)C1,,1,1,[31239],[44557],Amidation,[5315]
43926,NCC1OCCOC12CCC2,CVHDEYQCRGEDDQ-UHFFFAOYSA-N,1.0,1.0,EUR,65.0,5,Enamine,In stock,EN300-37336406,NCC1OCCOC12CCC2,,1,1,[31246],[44564],Amidation,[5315]
44166,CCOC(CN)C1CC(F)(F)C1,COLUGBRIEUVKGZ-UHFFFAOYSA-N,1.0,1.0,EUR,65.0,5,Enamine,In stock,EN300-26977720,CCOC(CN)C1CC(F)(F)C1,,1,1,[31489],[44807],Amidation,[5315]
44174,FC1(F)CC(C2CNCCO2)C1,RVHMHSKQYXRCQK-UHFFFAOYSA-N,1.0,1.0,EUR,57.0,5,Enamine,In stock,EN300-1948505,FC1(F)CC(C2CNCCO2)C1,,1,1,[31497],[44815],Amidation,[5315]
44175,O=C1NC2(CCC2)C2(CNC2)O1,JNVLXVNESVAOAU-UHFFFAOYSA-N,1.0,1.0,EUR,64.0,5,Enamine,In stock,EN300-1717078,O=C1NC2(CCC2)C2(CNC2)O1,,1,1,[31498],[44816],Amidation,[5315]
44440,NC1CC2(CCC2)C1OCc1ccccc1,SQXONHLYWJEGMY-UHFFFAOYSA-N,1.0,1.0,EUR,65.0,5,Enamine,In stock,EN300-26658513,NC1CC2(CCC2)C1OCc1ccccc1,,1,1,[32107],[45425],Amidation,[5315]
45872,C1COC(COCC2CC2)CN1,FZEGBLLPXDHZKA-UHFFFAOYSA-N,3.0,3.0,EUR,62.0,5,Enamine,In stock,EN300-154270,C1COC(COCC2CC2)CN1,,3,3,"[32547, 33009, 33116]","[45963, 46425, 46532]",Amidation,[5327]
46571,Brc1nc2n(n1)CCNC2,BNVAZAPQPSGAOX-UHFFFAOYSA-N,2.0,2.0,EUR,64.0,5,Enamine,In stock,EN300-6504746,Brc1nc2n(n1)CCNC2,,2,2,"[33154, 33770]","[46911, 47527]",Mitsunobu_reaction_with_amine_alcohol_and_thioalcohol,[3360]
46573,Cc1nc2n(n1)CCNC2,XJQLZEZGFIWRKF-UHFFFAOYSA-N,2.0,2.0,EUR,16.0,5,Enamine,In stock,EN300-98880,Cc1nc2n(n1)CCNC2,,2,2,"[33157, 33772]","[46914, 47529]",Mitsunobu_reaction_with_amine_alcohol_and_thioalcohol,[3360]
14288,CC(C)(C)OC(=O)N1CCC(c2cc(CO)on2)CC1,QGNMMNAWJDVMDR-UHFFFAOYSA-N,3.0,3.0,EUR,74.0,5,Enamine,In stock,EN300-222280,CC(C)(C)OC(=O)N1CCC(c2cc(CO)on2)CC1,,3,3,"[33726, 33770, 33772]","[47483, 47527, 47529]",Mitsunobu_reaction_with_amine_alcohol_and_thioalcohol,[3360]
51612,NCc1cc(Br)on1,FZXJTLPDNBPRIV-UHFFFAOYSA-N,1.0,1.0,EUR,65.0,5,Enamine,In stock,EN300-46898582,NCc1cc(Br)on1,,1,1,[36267],[52128],Epoxide_+_amine_coupling,[2134]
51615,NCc1nocc1Cl,GOTZJMBLNBCKRV-UHFFFAOYSA-N,1.0,1.0,EUR,74.0,5,Enamine,In stock,EN300-37098720,NCc1nocc1Cl,,1,1,[36270],[52131],Epoxide_+_amine_coupling,[2134]
51616,NCc1nocc1Br,KFQPTLZXKYSTRD-UHFFFAOYSA-N,1.0,1.0,EUR,61.0,5,Enamine,In stock,EN300-22152252,NCc1nocc1Br,,1,1,[36271],[52132],Epoxide_+_amine_coupling,[2134]
51617,CC(N)c1ccon1,UDFNSNRUEHXXNW-UHFFFAOYSA-N,1.0,1.0,EUR,122.0,5,Enamine,In stock,EN300-150202,CC(N)c1ccon1,,1,1,[36272],[52133],Epoxide_+_amine_coupling,[2134]
51621,Cc1cc(CN)no1,AZVWIMLQRLKLHH-UHFFFAOYSA-N,1.0,1.0,EUR,14.0,5,Enamine,In stock,EN300-54966,Cc1cc(CN)no1,,1,1,[36276],[52137],Epoxide_+_amine_coupling,[2134]
51624,NC(=O)c1ccon1,LKYNGTHMKCTTQC-UHFFFAOYSA-N,1.0,1.0,EUR,20.0,5,Enamine,In stock,EN300-301731,NC(=O)c1ccon1,,1,1,[36279],[52140],Epoxide_+_amine_coupling,[2134]
51626,Cc1conc1CN,HDVMZORZGNERAS-UHFFFAOYSA-N,1.0,1.0,EUR,74.0,5,Enamine,In stock,EN300-345025,Cc1conc1CN,,1,1,[36281],[52142],Epoxide_+_amine_coupling,[2134]
51637,Cc1cc(C(N)=O)no1,KBOSIRPMGVGOEP-UHFFFAOYSA-N,1.0,1.0,EUR,14.0,5,Enamine,In stock,EN300-188635,Cc1cc(C(N)=O)no1,,1,1,[36309],[52170],Epoxide_+_amine_coupling,[2134]
51638,CCc1cc(CN)no1,BPTOWLOEDKFJRE-UHFFFAOYSA-N,1.0,1.0,EUR,47.0,5,Enamine,In stock,EN300-7354996,CCc1cc(CN)no1,,1,1,[36310],[52171],Epoxide_+_amine_coupling,[2134]
51640,Cc1cc(C(C)N)no1,LEFVDZCQGFWHQB-UHFFFAOYSA-N,1.0,1.0,EUR,53.0,5,Enamine,In stock,EN300-192795,Cc1cc(C(C)N)no1,,1,1,[36312],[52173],Epoxide_+_amine_coupling,[2134]
51646,NNC(=O)c1ccon1,BIDIOFINQYYTRY-UHFFFAOYSA-N,1.0,1.0,EUR,22.0,5,Enamine,In stock,EN300-101722,NNC(=O)c1ccon1,,1,1,[36318],[52179],Epoxide_+_amine_coupling,[2134]
51651,Cc1cc(C(N)=S)no1,FACDYZJWOVXDHC-UHFFFAOYSA-N,1.0,1.0,EUR,14.0,5,Enamine,In stock,EN300-1836218,Cc1cc(C(N)=S)no1,,1,1,[36323],[52184],Epoxide_+_amine_coupling,[2134]
51658,Cc1onc(CN)c1Br,SAMQZDXEGJXZFV-UHFFFAOYSA-N,1.0,1.0,EUR,65.0,5,Enamine,In stock,EN300-37375550,Cc1onc(CN)c1Br,,1,1,[36330],[52191],Epoxide_+_amine_coupling,[2134]
51659,CC(C)(N)c1ccon1,NKFUPUJREUJDGV-UHFFFAOYSA-N,1.0,1.0,EUR,61.0,5,Enamine,In stock,EN300-118069,CC(C)(N)c1ccon1,,1,1,[36331],[52192],Epoxide_+_amine_coupling,[2134]
51671,CCc1conc1CN,XEYXEOOGQQOTRP-UHFFFAOYSA-N,1.0,1.0,EUR,53.0,5,Enamine,In stock,EN300-27149567,CCc1conc1CN,,1,1,[36343],[52204],Epoxide_+_amine_coupling,[2134]
51673,NCc1cc(CO)on1,JJGNZILZJNDXAP-UHFFFAOYSA-N,1.0,1.0,EUR,47.0,5,Enamine,In stock,EN300-46383146,NCc1cc(CO)on1,,1,1,[36345],[52206],Epoxide_+_amine_coupling,[2134]
51714,NCc1cc(C2CC2)on1,YAGKRVQCDOMDOS-UHFFFAOYSA-N,1.0,1.0,EUR,22.0,5,Enamine,In stock,EN300-7389395,NCc1cc(C2CC2)on1,,1,1,[36466],[52327],Epoxide_+_amine_coupling,[2134]
51746,NCc1noc2c1CCC2,PJFFBGJVMFCXRX-UHFFFAOYSA-N,1.0,1.0,EUR,83.0,5,Enamine,In stock,EN300-24158222,NCc1noc2c1CCC2,,1,1,[36498],[52359],Epoxide_+_amine_coupling,[2134]
51763,CC(C)c1cc(CN)no1,MSEXFKQRZBKWIM-UHFFFAOYSA-N,1.0,1.0,EUR,17.0,5,Enamine,In stock,EN300-7691768,CC(C)c1cc(CN)no1,,1,1,[36515],[52376],Epoxide_+_amine_coupling,[2134]
51769,Cc1cc(C(=O)NN)no1,MKVLYUIHTXXSHQ-UHFFFAOYSA-N,1.0,1.0,EUR,14.0,5,Enamine,In stock,EN300-228486,Cc1cc(C(=O)NN)no1,,1,1,[36521],[52382],Epoxide_+_amine_coupling,[2134]
51785,CC(C)c1conc1CN,ZFKAERWVWFKELQ-UHFFFAOYSA-N,1.0,1.0,EUR,65.0,5,Enamine,In stock,EN300-7017463,CC(C)c1conc1CN,,1,1,[36538],[52399],Epoxide_+_amine_coupling,[2134]
51792,NCc1nocc1C(=O)O,ITAKWZBKBCGIEX-UHFFFAOYSA-N,1.0,1.0,EUR,57.0,5,Enamine,In stock,EN300-261294,NCc1nocc1C(=O)O,,1,1,[36545],[52406],Epoxide_+_amine_coupling,[2134]
51796,COCc1cc(CN)no1,IGCGXAQQMDRJRS-UHFFFAOYSA-N,1.0,1.0,EUR,57.0,5,Enamine,In stock,EN300-6488089,COCc1cc(CN)no1,,1,1,[36549],[52410],Epoxide_+_amine_coupling,[2134]
51798,NCc1cc(C(F)F)on1,CMEHBKOSMJDFNN-UHFFFAOYSA-N,1.0,1.0,EUR,65.0,5,Enamine,In stock,EN300-396806,NCc1cc(C(F)F)on1,,1,1,[36551],[52412],Epoxide_+_amine_coupling,[2134]
51802,NCc1cc(C(=O)O)on1,OVOAYLGZGOWVCG-UHFFFAOYSA-N,1.0,1.0,EUR,53.0,5,Enamine,In stock,EN300-46137938,NCc1cc(C(=O)O)on1,,1,1,[36555],[52416],Epoxide_+_amine_coupling,[2134]
51948,COC(=O)c1conc1CN,ZSJKIYDUOSSUNP-UHFFFAOYSA-N,1.0,1.0,EUR,61.0,5,Enamine,In stock,EN300-128474,COC(=O)c1conc1CN,,1,1,[36902],[52763],Epoxide_+_amine_coupling,[2134]
51949,CC(C)(N)c1cc(CO)on1,RCDAQTJPZJCVRV-UHFFFAOYSA-N,1.0,1.0,EUR,53.0,5,Enamine,In stock,EN300-39853858,CC(C)(N)c1cc(CO)on1,,1,1,[36903],[52764],Epoxide_+_amine_coupling,[2134]
51950,CC(F)(F)c1cc(CN)no1,YGCAZIJWPOPZOD-UHFFFAOYSA-N,1.0,1.0,EUR,65.0,5,Enamine,In stock,EN300-7563779,CC(F)(F)c1cc(CN)no1,,1,1,[36904],[52765],Epoxide_+_amine_coupling,[2134]
51953,NCc1cc(C(F)(F)F)on1,NXNMFIMTQQLGMC-UHFFFAOYSA-N,1.0,1.0,EUR,65.0,5,Enamine,In stock,EN300-244874,NCc1cc(C(F)(F)F)on1,,1,1,[36908],[52769],Epoxide_+_amine_coupling,[2134]
51955,CC(C)Cc1cc(CN)no1,HGYSMQSHSYGZGG-UHFFFAOYSA-N,1.0,1.0,EUR,17.0,5,Enamine,In stock,EN300-6735768,CC(C)Cc1cc(CN)no1,,1,1,[36910],[52771],Epoxide_+_amine_coupling,[2134]
51960,COC(=O)c1cc(CN)no1,NMUBYFSFHCMSCH-UHFFFAOYSA-N,1.0,1.0,EUR,53.0,5,Enamine,In stock,EN300-45636149,COC(=O)c1cc(CN)no1,,1,1,[36915],[52776],Epoxide_+_amine_coupling,[2134]
51968,[N-]=[N+]=NCc1cc(CN)no1,FVRSVZUKSUCGRO-UHFFFAOYSA-N,1.0,1.0,EUR,59.0,5,Enamine,In stock,EN300-51686984,[N-]=[N+]=NCc1cc(CN)no1,,1,1,[36924],[52785],Epoxide_+_amine_coupling,[2134]
51970,CC(C)(C)c1conc1CN,DDYWGSVQIVMIJE-UHFFFAOYSA-N,1.0,1.0,EUR,56.0,5,Enamine,In stock,EN300-26580206,CC(C)(C)c1conc1CN,,1,1,[36926],[52787],Epoxide_+_amine_coupling,[2134]
51978,[N-]=[N+]=NCc1cc(CN)on1,JECQJAWQBUKVLG-UHFFFAOYSA-N,1.0,1.0,EUR,53.0,5,Enamine,In stock,EN300-51834458,[N-]=[N+]=NCc1cc(CN)on1,,1,1,[36934],[52795],Epoxide_+_amine_coupling,[2134]
51982,NCc1cc(CC2CC2)on1,OKNFPVBZGPQNBZ-UHFFFAOYSA-N,1.0,1.0,EUR,141.0,5,Enamine,In stock,EN300-7355349,NCc1cc(CC2CC2)on1,,1,1,[36939],[52800],Epoxide_+_amine_coupling,[2134]
51988,NCc1noc2c1COCC2,KTHXXVUSVZVCAD-UHFFFAOYSA-N,1.0,1.0,EUR,65.0,5,Enamine,In stock,EN300-704020,NCc1noc2c1COCC2,,1,1,[36945],[52806],Epoxide_+_amine_coupling,[2134]
51991,NCc1noc2ccccc12,NJPJEUXBRLCEDZ-UHFFFAOYSA-N,1.0,1.0,EUR,24.0,5,Enamine,In stock,EN300-188231,NCc1noc2ccccc12,,1,1,[36948],[52809],Epoxide_+_amine_coupling,[2134]
51992,NCc1noc2c1CCCC2,FKSNGQGSTFVDQX-UHFFFAOYSA-N,1.0,1.0,EUR,87.0,5,Enamine,In stock,EN300-214334,NCc1noc2c1CCCC2,,1,1,[36949],[52810],Epoxide_+_amine_coupling,[2134]
51995,CC(C)(C)c1cc(CN)no1,YAMMAECNHGLFOL-UHFFFAOYSA-N,1.0,1.0,EUR,58.0,5,Enamine,In stock,EN300-7494174,CC(C)(C)c1cc(CN)no1,,1,1,[36952],[52813],Epoxide_+_amine_coupling,[2134]
51996,NC(=O)c1cc(C(=O)O)on1,NECCPWTUSABFRC-UHFFFAOYSA-N,1.0,1.0,EUR,92.0,5,Enamine,In stock,EN300-127156,NC(=O)c1cc(C(=O)O)on1,,1,1,[36953],[52814],Epoxide_+_amine_coupling,[2134]
51998,CC(N)c1nocc1C(=O)O,YZZKJHBZSNMNPF-UHFFFAOYSA-N,1.0,1.0,EUR,59.0,5,Enamine,In stock,EN300-6476894,CC(N)c1nocc1C(=O)O,,1,1,[36955],[52816],Epoxide_+_amine_coupling,[2134]
52001,NC(=O)c1cc(C2CC2)on1,DKYIWKDELCEHRP-UHFFFAOYSA-N,1.0,1.0,EUR,43.0,5,Enamine,In stock,EN300-264107,NC(=O)c1cc(C2CC2)on1,,1,1,[36958],[52819],Epoxide_+_amine_coupling,[2134]
52043,CC(C)(N)c1cc(C(F)F)on1,CWLYKOPSGIKXKD-UHFFFAOYSA-N,1.0,1.0,EUR,54.0,5,Enamine,In stock,EN300-248791,CC(C)(N)c1cc(C(F)F)on1,,1,1,[37311],[53172],Epoxide_+_amine_coupling,[2134]
52053,NCc1cc(-c2ccco2)on1,IKOFHZGPFRNEQZ-UHFFFAOYSA-N,1.0,1.0,EUR,15.0,5,Enamine,In stock,EN300-237441,NCc1cc(-c2ccco2)on1,,1,1,[37321],[53182],Epoxide_+_amine_coupling,[2134]
52056,NCc1cc(C2CCCC2)on1,OJWRHQCDUURWSZ-UHFFFAOYSA-N,1.0,1.0,EUR,61.0,5,Enamine,In stock,EN300-1154392,NCc1cc(C2CCCC2)on1,,1,1,[37324],[53185],Epoxide_+_amine_coupling,[2134]
52059,CC(C)(N)c1nocc1C(=O)O,JCPZDOJWCWDLFP-UHFFFAOYSA-N,1.0,1.0,EUR,54.0,5,Enamine,In stock,EN300-736814,CC(C)(N)c1nocc1C(=O)O,,1,1,[37327],[53188],Epoxide_+_amine_coupling,[2134]
52064,NC(=O)c1cc(S(N)(=O)=O)on1,MLWWHEXGCBOCAG-UHFFFAOYSA-N,1.0,1.0,EUR,45.0,5,Enamine,In stock,EN300-267110,NC(=O)c1cc(S(N)(=O)=O)on1,,1,1,[37333],[53194],Epoxide_+_amine_coupling,[2134]
52067,CC(C)(N)c1cc(C(=O)O)on1,XYYSUBOBAMTZGH-UHFFFAOYSA-N,1.0,1.0,EUR,63.0,5,Enamine,In stock,EN300-746595,CC(C)(N)c1cc(C(=O)O)on1,,1,1,[37336],[53197],Epoxide_+_amine_coupling,[2134]
52080,NCc1cc(-c2cccs2)on1,WAGYUEANXMJIGV-UHFFFAOYSA-N,1.0,1.0,EUR,42.0,5,Enamine,In stock,EN300-237832,NCc1cc(-c2cccs2)on1,,1,1,[37349],[53210],Epoxide_+_amine_coupling,[2134]
52103,NCc1noc2cc(F)ccc12,VLOWYMFNFSVUDD-UHFFFAOYSA-N,1.0,1.0,EUR,90.0,5,Enamine,In stock,EN300-345764,NCc1noc2cc(F)ccc12,,1,1,[37373],[53234],Epoxide_+_amine_coupling,[2134]
52104,NC(=NO)c1cc(C2CC2)on1,KWDRYWIVIJWYAT-UHFFFAOYSA-N,1.0,1.0,EUR,62.0,5,Enamine,In stock,EN300-48786813,NC(=NO)c1cc(C2CC2)on1,,1,1,[37374],[53235],Epoxide_+_amine_coupling,[2134]
52107,NCc1cc(-c2ccoc2)on1,AZPHOMDSVKEKMR-UHFFFAOYSA-N,1.0,1.0,EUR,47.0,5,Enamine,In stock,EN300-52014929,NCc1cc(-c2ccoc2)on1,,1,1,[37377],[53238],Epoxide_+_amine_coupling,[2134]
52109,NCc1noc2ccc(F)cc12,CXQIADUXTGWQFF-UHFFFAOYSA-N,1.0,1.0,EUR,72.0,5,Enamine,In stock,EN300-345352,NCc1noc2ccc(F)cc12,,1,1,[37379],[53240],Epoxide_+_amine_coupling,[2134]
52111,NCc1noc2c1CCCCC2,XGHSOUVFYMJHIA-UHFFFAOYSA-N,1.0,1.0,EUR,62.0,5,Enamine,In stock,EN300-328616,NCc1noc2c1CCCCC2,,1,1,[37381],[53242],Epoxide_+_amine_coupling,[2134]
52121,CC1CCc2onc(CN)c2C1,KQZGBXUZRDWBSK-UHFFFAOYSA-N,1.0,1.0,EUR,70.0,5,Enamine,In stock,EN300-26623623,CC1CCc2onc(CN)c2C1,,1,1,[37391],[53252],Epoxide_+_amine_coupling,[2134]
52124,CCOC(=O)c1conc1CN,PKJNSXWDUXLQBG-UHFFFAOYSA-N,1.0,1.0,EUR,59.0,5,Enamine,In stock,EN300-45584392,CCOC(=O)c1conc1CN,,1,1,[37410],[53271],Epoxide_+_amine_coupling,[2134]
53806,CC1C(O)C2CCN1CC2,VLJPCCPJHQAAQB-UHFFFAOYSA-N,3.0,4.0,EUR,56.0,5,Enamine,In stock,EN300-7004332,CC1C(O)C2CCN1CC2,,3,3,"[37843, 38872, 38881]","[53881, 54910, 54919]",Steglich_esterification,[5906]
53873,C=CC(CO)N1CCCCC1,GKBHUCSRUSMYBR-UHFFFAOYSA-N,1.0,1.0,EUR,92.0,5,Enamine,In stock,EN300-303432,C=CC(CO)N1CCCCC1,,1,1,[38146],[54184],Steglich_esterification,[5906]
53876,OCC1CCC2CCCCN12,UTFRAKXZOPXIOX-UHFFFAOYSA-N,1.0,1.0,EUR,91.0,5,Enamine,In stock,EN300-261909,OCC1CCC2CCCCN12,,1,1,[38150],[54188],Steglich_esterification,[5906]
53879,OC1CCN(C2COC2)CC1,QTHGEAIEMWKZMM-UHFFFAOYSA-N,1.0,1.0,EUR,89.0,5,Enamine,In stock,EN300-139974,OC1CCN(C2COC2)CC1,,1,1,[38153],[54191],Steglich_esterification,[5906]
