Code,Long code,Experiment code,Compound code,Smiles,Centroid res,Downloaded,ConformerSites upload name,CanonSites upload name,CrystalformSites upload name,Quatassemblies upload name,Crystalforms upload name,ConformerSites short tag,CanonSites short tag,CrystalformSites short tag,Quatassemblies short tag,Crystalforms short tag,ConformerSites alias,CanonSites alias,CrystalformSites alias,Quatassemblies alias,Crystalforms alias,Pose,[Other] iter1_frags,[Other] upload_1 2025-02-11
7gp3-a,7gp3_A_201_v1,7gp3,,Cc1ccc(CNC(=O)C2CCC2)cn1,7gp7/A/6/A_v1,True,4a - 7gp7/A/201,4 - 7gp7/A/201/1,F2q - 7gp7/A/201/1,A1 - monomer,F2 - EVD68_Reference_20230131,4a - 7gp7/A/201,4 - 7gp7/A/201/1,F2q - 7gp7/A/201/1,A1 - monomer,F2 - EVD68_Reference_20230131,4a - 7gp7/A/201,4 - 7gp7/A/201/1,F2q - 7gp7/A/201/1,A1 - monomer,F2 - EVD68_Reference_20230131,7gp3-a,False,True
7gqr-a,7gqr_B_201_v1,7gqr,,Clc1nc2ccccc2o1,7gqr/B/10/B_v1,True,30a - 7gqr/B/201,30 - 7gqr/B/201/1,F2ba - 7gqr/B/201/1,A1 - monomer,F2 - EVD68_Reference_20230131,30a - 7gqr/B/201,30 - 7gqr/B/201/1,F2ba - 7gqr/B/201/1,A1 - monomer,F2 - EVD68_Reference_20230131,30a - 7gqr/B/201,30 - 7gqr/B/201/1,F2ba - 7gqr/B/201/1,A1 - monomer,F2 - EVD68_Reference_20230131,7gqr-a,False,True
7gp4-a,7gp4_A_201_v1,7gp4,,O=C(Nc1ccccc1)N1CCCC1,7gp7/A/6/A_v1,True,4a - 7gp7/A/201,4 - 7gp7/A/201/1,F2p - 7gp4/A/201/1,A1 - monomer,F2 - EVD68_Reference_20230131,4a - 7gp7/A/201,4 - 7gp7/A/201/1,F2p - 7gp4/A/201/1,A1 - monomer,F2 - EVD68_Reference_20230131,4a - 7gp7/A/201,4 - 7gp7/A/201/1,F2p - 7gp4/A/201/1,A1 - monomer,F2 - EVD68_Reference_20230131,7gp4-a,False,True
7gqb-a,7gqb_B_201_v1,7gqb,,NC(c1ccccc1)c1ccccc1,7gon/B/47/B_v1,True,2a - 7gon/B/201,2 - 7gon/B/201/1,F2j - 7gqb/B/201/1,A1 - monomer,F2 - EVD68_Reference_20230131,2a - 7gon/B/201,2 - 7gon/B/201/1,F2j - 7gqb/B/201/1,A1 - monomer,F2 - EVD68_Reference_20230131,2a - 7gon/B/201,2 - 7gon/B/201/1,F2j - 7gqb/B/201/1,A1 - monomer,F2 - EVD68_Reference_20230131,7gqb-a,False,True
7gp5-a,7gp5_B_201_v1,7gp5,,CC1=NN(c2ccccc2)C(=O)C1,7gon/B/47/B_v1,True,2a - 7gon/B/201,2 - 7gon/B/201/1,F2j - 7gqb/B/201/1,A1 - monomer,F2 - EVD68_Reference_20230131,2a - 7gon/B/201,2 - 7gon/B/201/1,F2j - 7gqb/B/201/1,A1 - monomer,F2 - EVD68_Reference_20230131,2a - 7gon/B/201,2 - 7gon/B/201/1,F2j - 7gqb/B/201/1,A1 - monomer,F2 - EVD68_Reference_20230131,7gp5-a,False,True
7gon-a,7gon_B_201_v1,7gon,,CN(C)C(=O)COc1cccc(F)c1,7gon/B/47/B_v1,True,2a - 7gon/B/201,2 - 7gon/B/201/1,F2j - 7gqb/B/201/1,A1 - monomer,F2 - EVD68_Reference_20230131,2a - 7gon/B/201,2 - 7gon/B/201/1,F2j - 7gqb/B/201/1,A1 - monomer,F2 - EVD68_Reference_20230131,2a - 7gon/B/201,2 - 7gon/B/201/1,F2j - 7gqb/B/201/1,A1 - monomer,F2 - EVD68_Reference_20230131,7gon-a,False,True
7gpz-a,7gpz_B_201_v1,7gpz,,COCCn1cc(Br)cn1,7gpz/B/164/B_v1,True,24a - 7gpz/B/201,24 - 7gpz/B/201/1,F2au - 7gpz/B/201/1,A1 - monomer,F2 - EVD68_Reference_20230131,24a - 7gpz/B/201,24 - 7gpz/B/201/1,F2au - 7gpz/B/201/1,A1 - monomer,F2 - EVD68_Reference_20230131,24a - 7gpz/B/201,24 - 7gpz/B/201/1,F2au - 7gpz/B/201/1,A1 - monomer,F2 - EVD68_Reference_20230131,7gpz-a,False,True
7gp6-a,7gp6_B_201_v1,7gp6,,Cc1nc2ccccc2n1CCC(N)=O,7gon/B/47/B_v1,True,2a - 7gon/B/201,2 - 7gon/B/201/1,F2j - 7gqb/B/201/1,A1 - monomer,F2 - EVD68_Reference_20230131,2a - 7gon/B/201,2 - 7gon/B/201/1,F2j - 7gqb/B/201/1,A1 - monomer,F2 - EVD68_Reference_20230131,2a - 7gon/B/201,2 - 7gon/B/201/1,F2j - 7gqb/B/201/1,A1 - monomer,F2 - EVD68_Reference_20230131,7gp6-a,False,True
7gp7-a,7gp7_A_201_v1,7gp7,,CCS(=O)(=O)N1CCC(C(=O)O)CC1,7gp7/A/6/A_v1,True,4a - 7gp7/A/201,4 - 7gp7/A/201/1,F2q - 7gp7/A/201/1,A1 - monomer,F2 - EVD68_Reference_20230131,4a - 7gp7/A/201,4 - 7gp7/A/201/1,F2q - 7gp7/A/201/1,A1 - monomer,F2 - EVD68_Reference_20230131,4a - 7gp7/A/201,4 - 7gp7/A/201/1,F2q - 7gp7/A/201/1,A1 - monomer,F2 - EVD68_Reference_20230131,7gp7-a,False,True
7gp8-a,7gp8_B_201_v1,7gp8,,CCS(=O)(=O)Nc1ccccc1F,7gon/B/47/B_v1,True,2a - 7gon/B/201,2 - 7gon/B/201/1,F2j - 7gqb/B/201/1,A1 - monomer,F2 - EVD68_Reference_20230131,2a - 7gon/B/201,2 - 7gon/B/201/1,F2j - 7gqb/B/201/1,A1 - monomer,F2 - EVD68_Reference_20230131,2a - 7gon/B/201,2 - 7gon/B/201/1,F2j - 7gqb/B/201/1,A1 - monomer,F2 - EVD68_Reference_20230131,7gp8-a,False,True
7gpu-a,7gpu_A_201_v1,7gpu,,CC(=O)N1C[C@H](CO)[C@H](c2ccccc2)C1,7gon/B/47/B_v1,True,2a - 7gon/B/201,2 - 7gon/B/201/1,F2i - 7gpu/A/201/1,A1 - monomer,F2 - EVD68_Reference_20230131,2a - 7gon/B/201,2 - 7gon/B/201/1,F2i - 7gpu/A/201/1,A1 - monomer,F2 - EVD68_Reference_20230131,2a - 7gon/B/201,2 - 7gon/B/201/1,F2i - 7gpu/A/201/1,A1 - monomer,F2 - EVD68_Reference_20230131,7gpu-a,False,True
7gpu-b,7gpu_B_301_v1,7gpu,,CC(=O)N1C[C@H](CO)[C@H](c2ccccc2)C1,7gon/B/47/B_v1,True,2a - 7gon/B/201,2 - 7gon/B/201/1,F2j - 7gqb/B/201/1,A1 - monomer,F2 - EVD68_Reference_20230131,2a - 7gon/B/201,2 - 7gon/B/201/1,F2j - 7gqb/B/201/1,A1 - monomer,F2 - EVD68_Reference_20230131,2a - 7gon/B/201,2 - 7gon/B/201/1,F2j - 7gqb/B/201/1,A1 - monomer,F2 - EVD68_Reference_20230131,7gpu-a,False,True
7gp9-a,7gp9_A_201_v1,7gp9,,CCS(=O)(=O)NCc1ccc2c(c1)OCO2,7gp9/A/163/A_v1,True,1a - 7gp9/A/201,1 - 7gp9/A/201/1,F2b - 7gp9/A/201/1,A1 - monomer,F2 - EVD68_Reference_20230131,1a - 7gp9/A/201,1 - 7gp9/A/201/1,F2b - 7gp9/A/201/1,A1 - monomer,F2 - EVD68_Reference_20230131,1a - 7gp9/A/201,1 - 7gp9/A/201/1,F2b - 7gp9/A/201/1,A1 - monomer,F2 - EVD68_Reference_20230131,7gp9-a,True,True
7gpv-a,7gpv_B_201_v1,7gpv,,Brc1cnoc1,7gpv/B/95/B_v1,True,21a - 7gpv/B/201,21 - 7gpv/B/201/1,F2ar - 7gpv/B/201/1,A1 - monomer,F2 - EVD68_Reference_20230131,21a - 7gpv/B/201,21 - 7gpv/B/201/1,F2ar - 7gpv/B/201/1,A1 - monomer,F2 - EVD68_Reference_20230131,21a - 7gpv/B/201,21 - 7gpv/B/201/1,F2ar - 7gpv/B/201/1,A1 - monomer,F2 - EVD68_Reference_20230131,7gpv-a,False,True
7gpw-a,7gpw_B_201_v1,7gpw,,O=C1CC(I)=CC=N1,7gon/B/47/B_v1,True,2a - 7gon/B/201,2 - 7gon/B/201/1,F2j - 7gqb/B/201/1,A1 - monomer,F2 - EVD68_Reference_20230131,2a - 7gon/B/201,2 - 7gon/B/201/1,F2j - 7gqb/B/201/1,A1 - monomer,F2 - EVD68_Reference_20230131,2a - 7gon/B/201,2 - 7gon/B/201/1,F2j - 7gqb/B/201/1,A1 - monomer,F2 - EVD68_Reference_20230131,7gpw-a,False,True
7gpw-c,7gpw_A_201_v1,7gpw,,O=C1CC(I)=CC=N1,7gpw/B/115/A_v1,True,22a - 7gpw/A/201,22 - 7gpw/A/201/1,F2as - 7gpw/A/201/1,A1 - monomer,F2 - EVD68_Reference_20230131,22a - 7gpw/A/201,22 - 7gpw/A/201/1,F2as - 7gpw/A/201/1,A1 - monomer,F2 - EVD68_Reference_20230131,22a - 7gpw/A/201,22 - 7gpw/A/201/1,F2as - 7gpw/A/201/1,A1 - monomer,F2 - EVD68_Reference_20230131,7gpw-c,False,True
7gpw-b,7gpw_B_202_v1,7gpw,,O=C1CC(I)=CC=N1,7gpw/B/74/B_v1,True,3a - 7gpw/B/202,3 - 7gpw/B/202/1,F2l - 7go5/B/401/1,A1 - monomer,F2 - EVD68_Reference_20230131,3a - 7gpw/B/202,3 - 7gpw/B/202/1,F2l - 7go5/B/401/1,A1 - monomer,F2 - EVD68_Reference_20230131,3a - 7gpw/B/202,3 - 7gpw/B/202/1,F2l - 7go5/B/401/1,A1 - monomer,F2 - EVD68_Reference_20230131,7gpw-b,False,True
7gpx-a,7gpx_B_201_v1,7gpx,,N#Cc1cc(Br)ccc1O,7gpx/B/64/B_v1,True,23a - 7gpx/B/201,23 - 7gpx/B/201/1,F2at - 7gpx/B/201/1,A1 - monomer,F2 - EVD68_Reference_20230131,23a - 7gpx/B/201,23 - 7gpx/B/201/1,F2at - 7gpx/B/201/1,A1 - monomer,F2 - EVD68_Reference_20230131,23a - 7gpx/B/201,23 - 7gpx/B/201/1,F2at - 7gpx/B/201/1,A1 - monomer,F2 - EVD68_Reference_20230131,7gpx-a,False,True
7gpy-a,7gpy_B_201_v1,7gpy,,O=C(O)c1ccc(Br)cc1O,7goa/A/0/A_v1,True,8a - 7goa/A/201,8 - 7goa/A/201/1,F2ad - 7gpy/B/201/1,A1 - monomer,F2 - EVD68_Reference_20230131,8a - 7goa/A/201,8 - 7goa/A/201/1,F2ad - 7gpy/B/201/1,A1 - monomer,F2 - EVD68_Reference_20230131,8a - 7goa/A/201,8 - 7goa/A/201/1,F2ad - 7gpy/B/201/1,A1 - monomer,F2 - EVD68_Reference_20230131,7gpy-a,False,True
7gq1-a,7gq1_B_201_v1,7gq1,,O=C(O)c1ccsc1,7gon/B/47/B_v1,True,2a - 7gon/B/201,2 - 7gon/B/201/1,F2j - 7gqb/B/201/1,A1 - monomer,F2 - EVD68_Reference_20230131,2a - 7gon/B/201,2 - 7gon/B/201/1,F2j - 7gqb/B/201/1,A1 - monomer,F2 - EVD68_Reference_20230131,2a - 7gon/B/201,2 - 7gon/B/201/1,F2j - 7gqb/B/201/1,A1 - monomer,F2 - EVD68_Reference_20230131,7gq1-a,False,True
7gq1-c,7gq1_A_201_v1,7gq1,,O=C(O)c1ccsc1,7gq1/A/9/A_v1,True,25a - 7gq1/A/201,25 - 7gq1/A/201/1,F2av - 7gq1/A/201/1,A1 - monomer,F2 - EVD68_Reference_20230131,25a - 7gq1/A/201,25 - 7gq1/A/201/1,F2av - 7gq1/A/201/1,A1 - monomer,F2 - EVD68_Reference_20230131,25a - 7gq1/A/201,25 - 7gq1/A/201/1,F2av - 7gq1/A/201/1,A1 - monomer,F2 - EVD68_Reference_20230131,7gq1-c,False,True
7gq1-b,7gq1_B_202_v1,7gq1,,O=C(O)c1ccsc1,7gq1/B/14/B_v1,True,9a - 7gq1/B/202,9 - 7gq1/B/202/1,F2ae - 7gq1/B/202/1,A1 - monomer,F2 - EVD68_Reference_20230131,9a - 7gq1/B/202,9 - 7gq1/B/202/1,F2ae - 7gq1/B/202/1,A1 - monomer,F2 - EVD68_Reference_20230131,9a - 7gq1/B/202,9 - 7gq1/B/202/1,F2ae - 7gq1/B/202/1,A1 - monomer,F2 - EVD68_Reference_20230131,7gq1-b,False,True
7goe-a,7goe_B_201_v1,7goe,,OC1CN(C(c2ccccc2)c2ccccc2)C1,7gon/B/47/B_v1,True,2a - 7gon/B/201,2 - 7gon/B/201/1,F2j - 7gqb/B/201/1,A1 - monomer,F2 - EVD68_Reference_20230131,2a - 7gon/B/201,2 - 7gon/B/201/1,F2j - 7gqb/B/201/1,A1 - monomer,F2 - EVD68_Reference_20230131,2a - 7gon/B/201,2 - 7gon/B/201/1,F2j - 7gqb/B/201/1,A1 - monomer,F2 - EVD68_Reference_20230131,7goe-a,False,True
7gpj-a,7gpj_B_201_v1,7gpj,,O=C1CN(C(=O)c2ccccc2C(F)(F)F)CCN1,7gpw/B/74/B_v1,True,3a - 7gpw/B/202,3 - 7gpw/B/202/1,F2l - 7go5/B/401/1,A1 - monomer,F2 - EVD68_Reference_20230131,3a - 7gpw/B/202,3 - 7gpw/B/202/1,F2l - 7go5/B/401/1,A1 - monomer,F2 - EVD68_Reference_20230131,3a - 7gpw/B/202,3 - 7gpw/B/202/1,F2l - 7go5/B/401/1,A1 - monomer,F2 - EVD68_Reference_20230131,7gpj-a,False,True
7gq4-a,7gq4_A_201_v1,7gq4,,Cc1nnn[nH]1,7gp9/A/163/A_v1,True,1a - 7gp9/A/201,1 - 7gp9/A/201/1,F2b - 7gp9/A/201/1,A1 - monomer,F2 - EVD68_Reference_20230131,1a - 7gp9/A/201,1 - 7gp9/A/201/1,F2b - 7gp9/A/201/1,A1 - monomer,F2 - EVD68_Reference_20230131,1a - 7gp9/A/201,1 - 7gp9/A/201/1,F2b - 7gp9/A/201/1,A1 - monomer,F2 - EVD68_Reference_20230131,7gq4-a,True,True
7gps-a,7gps_B_201_v1,7gps,,O=C1Nc2ccccc2C[C@@]12CCCN2,7gon/B/47/B_v1,True,2a - 7gon/B/201,2 - 7gon/B/201/1,F2j - 7gqb/B/201/1,A1 - monomer,F2 - EVD68_Reference_20230131,2a - 7gon/B/201,2 - 7gon/B/201/1,F2j - 7gqb/B/201/1,A1 - monomer,F2 - EVD68_Reference_20230131,2a - 7gon/B/201,2 - 7gon/B/201/1,F2j - 7gqb/B/201/1,A1 - monomer,F2 - EVD68_Reference_20230131,7gps-a,False,True
7god-a,7god_B_201_v1,7god,,CCC(CC)C(=O)Nc1ccccc1O,7gon/B/47/B_v1,True,2a - 7gon/B/201,2 - 7gon/B/201/1,F2j - 7gqb/B/201/1,A1 - monomer,F2 - EVD68_Reference_20230131,2a - 7gon/B/201,2 - 7gon/B/201/1,F2j - 7gqb/B/201/1,A1 - monomer,F2 - EVD68_Reference_20230131,2a - 7gon/B/201,2 - 7gon/B/201/1,F2j - 7gqb/B/201/1,A1 - monomer,F2 - EVD68_Reference_20230131,7god-a,False,True
7gow-a,7gow_A_201_v1,7gow,,CN1CCN(C(=O)[C@H]2CCCO2)CC1,7gp7/A/6/A_v1,True,4a - 7gp7/A/201,4 - 7gp7/A/201/1,F2q - 7gp7/A/201/1,A1 - monomer,F2 - EVD68_Reference_20230131,4a - 7gp7/A/201,4 - 7gp7/A/201/1,F2q - 7gp7/A/201/1,A1 - monomer,F2 - EVD68_Reference_20230131,4a - 7gp7/A/201,4 - 7gp7/A/201/1,F2q - 7gp7/A/201/1,A1 - monomer,F2 - EVD68_Reference_20230131,7gow-a,False,True
7gof-a,7gof_B_201_v1,7gof,,CC(=O)N1CCN(/C=C/Cc2ccccc2)CC1,7gon/B/47/B_v1,True,2a - 7gon/B/201,2 - 7gon/B/201/1,F2j - 7gqb/B/201/1,A1 - monomer,F2 - EVD68_Reference_20230131,2a - 7gon/B/201,2 - 7gon/B/201/1,F2j - 7gqb/B/201/1,A1 - monomer,F2 - EVD68_Reference_20230131,2a - 7gon/B/201,2 - 7gon/B/201/1,F2j - 7gqb/B/201/1,A1 - monomer,F2 - EVD68_Reference_20230131,7gof-a,False,True
7gpp-a,7gpp_A_201_v1,7gpp,,COC(=O)[C@@H]1CC[C@H](C)N1C(C)=O,7gp7/A/6/A_v1,True,4a - 7gp7/A/201,4 - 7gp7/A/201/1,F2q - 7gp7/A/201/1,A1 - monomer,F2 - EVD68_Reference_20230131,4a - 7gp7/A/201,4 - 7gp7/A/201/1,F2q - 7gp7/A/201/1,A1 - monomer,F2 - EVD68_Reference_20230131,4a - 7gp7/A/201,4 - 7gp7/A/201/1,F2q - 7gp7/A/201/1,A1 - monomer,F2 - EVD68_Reference_20230131,7gpp-a,False,True
7gog-a,7gog_B_201_v1,7gog,,C[C@@H](N)c1nc(Cc2ccccc2)no1,7gon/B/47/B_v1,True,2a - 7gon/B/201,2 - 7gon/B/201/1,F2j - 7gqb/B/201/1,A1 - monomer,F2 - EVD68_Reference_20230131,2a - 7gon/B/201,2 - 7gon/B/201/1,F2j - 7gqb/B/201/1,A1 - monomer,F2 - EVD68_Reference_20230131,2a - 7gon/B/201,2 - 7gon/B/201/1,F2j - 7gqb/B/201/1,A1 - monomer,F2 - EVD68_Reference_20230131,7gog-a,False,True
7goh-a,7goh_A_201_v1,7goh,,Cc1nsc(N2CCO[C@H](C)[C@H]2C)n1,7gp7/A/6/A_v1,True,4a - 7gp7/A/201,4 - 7gp7/A/201/1,F2p - 7gp4/A/201/1,A1 - monomer,F2 - EVD68_Reference_20230131,4a - 7gp7/A/201,4 - 7gp7/A/201/1,F2p - 7gp4/A/201/1,A1 - monomer,F2 - EVD68_Reference_20230131,4a - 7gp7/A/201,4 - 7gp7/A/201/1,F2p - 7gp4/A/201/1,A1 - monomer,F2 - EVD68_Reference_20230131,7goh-a,False,True
7goi-a,7goi_A_201_v1,7goi,,O=C(N[C@@H]1CCCNC1)c1ccccc1,7gpw/B/74/B_v1,True,3a - 7gpw/B/202,3 - 7gpw/B/202/1,F2m - 7goi/A/201/1,A1 - monomer,F2 - EVD68_Reference_20230131,3a - 7gpw/B/202,3 - 7gpw/B/202/1,F2m - 7goi/A/201/1,A1 - monomer,F2 - EVD68_Reference_20230131,3a - 7gpw/B/202,3 - 7gpw/B/202/1,F2m - 7goi/A/201/1,A1 - monomer,F2 - EVD68_Reference_20230131,7goi-a,False,True
7gqi-a,7gqi_B_201_v1,7gqi,,O=C(Nc1ccccc1)C1CC1,7gp7/A/6/A_v1,True,4a - 7gp7/A/201,4 - 7gp7/A/201/1,F2p - 7gp4/A/201/1,A1 - monomer,F2 - EVD68_Reference_20230131,4a - 7gp7/A/201,4 - 7gp7/A/201/1,F2p - 7gp4/A/201/1,A1 - monomer,F2 - EVD68_Reference_20230131,4a - 7gp7/A/201,4 - 7gp7/A/201/1,F2p - 7gp4/A/201/1,A1 - monomer,F2 - EVD68_Reference_20230131,7gqi-a,False,True
7goj-a,7goj_A_201_v1,7goj,,Cn1ccnc1-c1noc(C2CCC2)n1,D68EV3CPROB-x1120/B/115/A_v1,True,5c - 7goj/A/201,5 - D68EV3CPROB-x1120/A/308/1,F2r - 7goj/A/201/1,A1 - monomer,F2 - EVD68_Reference_20230131,5c - 7goj/A/201,5 - B1120/A/308/1,F2r - 7goj/A/201/1,A1 - monomer,F2 - EVD68_Reference_20230131,5c - 7goj/A/201,5 - B1120/A/308/1,F2r - 7goj/A/201/1,A1 - monomer,F2 - EVD68_Reference_20230131,7goj-a,False,True
7gou-a,7gou_B_201_v1,7gou,,CNc1ccccc1S(C)(=O)=O,7gon/B/47/B_v1,True,2a - 7gon/B/201,2 - 7gon/B/201/1,F2j - 7gqb/B/201/1,A1 - monomer,F2 - EVD68_Reference_20230131,2a - 7gon/B/201,2 - 7gon/B/201/1,F2j - 7gqb/B/201/1,A1 - monomer,F2 - EVD68_Reference_20230131,2a - 7gon/B/201,2 - 7gon/B/201/1,F2j - 7gqb/B/201/1,A1 - monomer,F2 - EVD68_Reference_20230131,7gou-a,False,True
7gou-b,7gou_B_202_v1,7gou,,CNc1ccccc1S(C)(=O)=O,7gpw/B/74/B_v1,True,3a - 7gpw/B/202,3 - 7gpw/B/202/1,F2n - 7gou/B/202/1,A1 - monomer,F2 - EVD68_Reference_20230131,3a - 7gpw/B/202,3 - 7gpw/B/202/1,F2n - 7gou/B/202/1,A1 - monomer,F2 - EVD68_Reference_20230131,3a - 7gpw/B/202,3 - 7gpw/B/202/1,F2n - 7gou/B/202/1,A1 - monomer,F2 - EVD68_Reference_20230131,7gou-b,False,True
7gou-c,7gou_A_201_v1,7gou,,CNc1ccccc1S(C)(=O)=O,D68EV3CPROB-x1120/B/115/A_v1,True,5f - 7gou/A/201,5 - D68EV3CPROB-x1120/A/308/1,F2r - 7goj/A/201/1,A1 - monomer,F2 - EVD68_Reference_20230131,5f - 7gou/A/201,5 - B1120/A/308/1,F2r - 7goj/A/201/1,A1 - monomer,F2 - EVD68_Reference_20230131,5f - 7gou/A/201,5 - B1120/A/308/1,F2r - 7goj/A/201/1,A1 - monomer,F2 - EVD68_Reference_20230131,7gou-c,False,True
7gok-b,7gok_A_201_v1,7gok,,NC(=O)c1ccc2[nH]ccc2c1,7gok/B/115/A_v1,True,17a - 7gok/A/201,17 - 7gok/A/201/1,F2an - 7gok/A/201/1,A1 - monomer,F2 - EVD68_Reference_20230131,17a - 7gok/A/201,17 - 7gok/A/201/1,F2an - 7gok/A/201/1,A1 - monomer,F2 - EVD68_Reference_20230131,17a - 7gok/A/201,17 - 7gok/A/201/1,F2an - 7gok/A/201/1,A1 - monomer,F2 - EVD68_Reference_20230131,7gok-b,False,True
7gok-a,7gok_A_202_v1,7gok,,NC(=O)c1ccc2[nH]ccc2c1,7gp9/A/163/A_v1,True,1a - 7gp9/A/201,1 - 7gp9/A/201/1,F2b - 7gp9/A/201/1,A1 - monomer,F2 - EVD68_Reference_20230131,1a - 7gp9/A/201,1 - 7gp9/A/201/1,F2b - 7gp9/A/201/1,A1 - monomer,F2 - EVD68_Reference_20230131,1a - 7gp9/A/201,1 - 7gp9/A/201/1,F2b - 7gp9/A/201/1,A1 - monomer,F2 - EVD68_Reference_20230131,7gok-a,True,True
7gol-a,7gol_A_201_v1,7gol,,C[C@@H]1CCO[C@@H]1C(=O)Nc1cnns1,7gp9/A/163/A_v1,True,1a - 7gp9/A/201,1 - 7gp9/A/201/1,F2b - 7gp9/A/201/1,A1 - monomer,F2 - EVD68_Reference_20230131,1a - 7gp9/A/201,1 - 7gp9/A/201/1,F2b - 7gp9/A/201/1,A1 - monomer,F2 - EVD68_Reference_20230131,1a - 7gp9/A/201,1 - 7gp9/A/201/1,F2b - 7gp9/A/201/1,A1 - monomer,F2 - EVD68_Reference_20230131,7gol-a,True,True
7gom-a,7gom_B_201_v1,7gom,,COC(=O)COc1ccc(C#N)cc1,7gom/B/101/B_v1,True,18a - 7gom/B/201,18 - 7gom/B/201/1,F2ao - 7gom/B/201/1,A1 - monomer,F2 - EVD68_Reference_20230131,18a - 7gom/B/201,18 - 7gom/B/201/1,F2ao - 7gom/B/201/1,A1 - monomer,F2 - EVD68_Reference_20230131,18a - 7gom/B/201,18 - 7gom/B/201/1,F2ao - 7gom/B/201/1,A1 - monomer,F2 - EVD68_Reference_20230131,7gom-a,False,True
7gp1-a,7gp1_B_201_v1,7gp1,,Cc1ccccc1-n1cc(C(=O)O)nn1,7gp1/B/133/B_v1,True,20a - 7gp1/B/201,20 - 7gp1/B/201/1,F2aq - 7gp1/B/201/1,A1 - monomer,F2 - EVD68_Reference_20230131,20a - 7gp1/B/201,20 - 7gp1/B/201/1,F2aq - 7gp1/B/201/1,A1 - monomer,F2 - EVD68_Reference_20230131,20a - 7gp1/B/201,20 - 7gp1/B/201/1,F2aq - 7gp1/B/201/1,A1 - monomer,F2 - EVD68_Reference_20230131,7gp1-a,False,True
7gp2-a,7gp2_A_201_v1,7gp2,,CS(=O)(=O)N1CCC(O)CC1,7gp9/A/163/A_v1,True,1a - 7gp9/A/201,1 - 7gp9/A/201/1,F2a - 7gox/A/201/1,A1 - monomer,F2 - EVD68_Reference_20230131,1a - 7gp9/A/201,1 - 7gp9/A/201/1,F2a - 7gox/A/201/1,A1 - monomer,F2 - EVD68_Reference_20230131,1a - 7gp9/A/201,1 - 7gp9/A/201/1,F2a - 7gox/A/201/1,A1 - monomer,F2 - EVD68_Reference_20230131,7gp2-a,True,True
7go6-a,7go6_A_201_v1,7go6,,NCc1ccn2ccnc2c1,7go6/B/113/A_v1,True,14a - 7go6/A/201,14 - 7go6/A/201/1,F2ak - 7go6/A/201/1,A1 - monomer,F2 - EVD68_Reference_20230131,14a - 7go6/A/201,14 - 7go6/A/201/1,F2ak - 7go6/A/201/1,A1 - monomer,F2 - EVD68_Reference_20230131,14a - 7go6/A/201,14 - 7go6/A/201/1,F2ak - 7go6/A/201/1,A1 - monomer,F2 - EVD68_Reference_20230131,7go6-a,False,True
7goo-a,7goo_B_201_v1,7goo,,Cc1cc(N2CCCCC2)nc(CO)n1,D68EV3CPROB-x1120/B/115/A_v1,True,5d - 7goo/B/201,5 - D68EV3CPROB-x1120/A/308/1,F2r - 7goj/A/201/1,A1 - monomer,F2 - EVD68_Reference_20230131,5d - 7goo/B/201,5 - B1120/A/308/1,F2r - 7goj/A/201/1,A1 - monomer,F2 - EVD68_Reference_20230131,5d - 7goo/B/201,5 - B1120/A/308/1,F2r - 7goj/A/201/1,A1 - monomer,F2 - EVD68_Reference_20230131,7goo-a,False,True
7gop-a,7gop_B_201_v1,7gop,,Cc1nsc(N(C)CC(N)=O)c1C#N,D68EV3CPROB-x1120/B/115/A_v1,True,5e - 7gop/B/201,5 - D68EV3CPROB-x1120/A/308/1,F2r - 7goj/A/201/1,A1 - monomer,F2 - EVD68_Reference_20230131,5e - 7gop/B/201,5 - B1120/A/308/1,F2r - 7goj/A/201/1,A1 - monomer,F2 - EVD68_Reference_20230131,5e - 7gop/B/201,5 - B1120/A/308/1,F2r - 7goj/A/201/1,A1 - monomer,F2 - EVD68_Reference_20230131,7gop-a,False,True
7goq-a,7goq_A_201_v1,7goq,,C[C@H](NC(=O)C1CC1)c1cccnc1,7gp7/A/6/A_v1,True,4a - 7gp7/A/201,4 - 7gp7/A/201/1,F2q - 7gp7/A/201/1,A1 - monomer,F2 - EVD68_Reference_20230131,4a - 7gp7/A/201,4 - 7gp7/A/201/1,F2q - 7gp7/A/201/1,A1 - monomer,F2 - EVD68_Reference_20230131,4a - 7gp7/A/201,4 - 7gp7/A/201/1,F2q - 7gp7/A/201/1,A1 - monomer,F2 - EVD68_Reference_20230131,7goq-a,False,True
7gor-a,7gor_A_201_v1,7gor,,C[C@H]1CN(c2ncccc2F)CC(=O)N1,7gp7/A/6/A_v1,True,4a - 7gp7/A/201,4 - 7gp7/A/201/1,F2p - 7gp4/A/201/1,A1 - monomer,F2 - EVD68_Reference_20230131,4a - 7gp7/A/201,4 - 7gp7/A/201/1,F2p - 7gp4/A/201/1,A1 - monomer,F2 - EVD68_Reference_20230131,4a - 7gp7/A/201,4 - 7gp7/A/201/1,F2p - 7gp4/A/201/1,A1 - monomer,F2 - EVD68_Reference_20230131,7gor-a,False,True
7gqd-a,7gqd_B_201_v1,7gqd,,O=C1NC(=O)[C@@]2(CCc3ccccc32)N1,7gon/B/47/B_v1,True,2a - 7gon/B/201,2 - 7gon/B/201/1,F2j - 7gqb/B/201/1,A1 - monomer,F2 - EVD68_Reference_20230131,2a - 7gon/B/201,2 - 7gon/B/201/1,F2j - 7gqb/B/201/1,A1 - monomer,F2 - EVD68_Reference_20230131,2a - 7gon/B/201,2 - 7gon/B/201/1,F2j - 7gqb/B/201/1,A1 - monomer,F2 - EVD68_Reference_20230131,7gqd-a,False,True
7gqd-b,7gqd_B_202_v1,7gqd,,O=C1NC(=O)[C@@]2(CCc3ccccc32)N1,7gpw/B/74/B_v1,True,3a - 7gpw/B/202,3 - 7gpw/B/202/1,F2l - 7go5/B/401/1,A1 - monomer,F2 - EVD68_Reference_20230131,3a - 7gpw/B/202,3 - 7gpw/B/202/1,F2l - 7go5/B/401/1,A1 - monomer,F2 - EVD68_Reference_20230131,3a - 7gpw/B/202,3 - 7gpw/B/202/1,F2l - 7go5/B/401/1,A1 - monomer,F2 - EVD68_Reference_20230131,7gqd-b,False,True
7gos-a,7gos_B_201_v1,7gos,,OCc1ccc(-n2cnc3ccccc32)cc1,7gp7/A/6/A_v1,True,4a - 7gp7/A/201,4 - 7gp7/A/201/1,F2p - 7gp4/A/201/1,A1 - monomer,F2 - EVD68_Reference_20230131,4a - 7gp7/A/201,4 - 7gp7/A/201/1,F2p - 7gp4/A/201/1,A1 - monomer,F2 - EVD68_Reference_20230131,4a - 7gp7/A/201,4 - 7gp7/A/201/1,F2p - 7gp4/A/201/1,A1 - monomer,F2 - EVD68_Reference_20230131,7gos-a,False,True
7gpf-a,7gpf_A_201_v1,7gpf,,Cc1cccc(NC(=O)[C@H]2CCCN2)n1,7gp9/A/163/A_v1,True,1a - 7gp9/A/201,1 - 7gp9/A/201/1,F2a - 7gox/A/201/1,A1 - monomer,F2 - EVD68_Reference_20230131,1a - 7gp9/A/201,1 - 7gp9/A/201/1,F2a - 7gox/A/201/1,A1 - monomer,F2 - EVD68_Reference_20230131,1a - 7gp9/A/201,1 - 7gp9/A/201/1,F2a - 7gox/A/201/1,A1 - monomer,F2 - EVD68_Reference_20230131,7gpf-a,True,True
7gqm-a,7gqm_A_201_v1,7gqm,,Oc1cnc(-c2ccccc2)nc1,7gp7/A/6/A_v1,True,4a - 7gp7/A/201,4 - 7gp7/A/201/1,F2p - 7gp4/A/201/1,A1 - monomer,F2 - EVD68_Reference_20230131,4a - 7gp7/A/201,4 - 7gp7/A/201/1,F2p - 7gp4/A/201/1,A1 - monomer,F2 - EVD68_Reference_20230131,4a - 7gp7/A/201,4 - 7gp7/A/201/1,F2p - 7gp4/A/201/1,A1 - monomer,F2 - EVD68_Reference_20230131,7gqm-a,False,True
7got-a,7got_B_201_v1,7got,,CCCC(=O)NCc1nc2ccccc2[nH]1,7gon/B/47/B_v1,True,2a - 7gon/B/201,2 - 7gon/B/201/1,F2j - 7gqb/B/201/1,A1 - monomer,F2 - EVD68_Reference_20230131,2a - 7gon/B/201,2 - 7gon/B/201/1,F2j - 7gqb/B/201/1,A1 - monomer,F2 - EVD68_Reference_20230131,2a - 7gon/B/201,2 - 7gon/B/201/1,F2j - 7gqb/B/201/1,A1 - monomer,F2 - EVD68_Reference_20230131,7got-a,False,True
7gov-a,7gov_B_201_v1,7gov,,Cc1ccc(F)cc1NC(=O)c1ccncc1,D68EV3CPROB-x0517/A/142/A_v1,True,11a - 7gov/B/201,11 - D68EV3CPROB-x0517/A/209/1,F2ac - 7gov/B/201/1,A1 - monomer,F2 - EVD68_Reference_20230131,11a - 7gov/B/201,11 - B0517/A/209/1,F2ac - 7gov/B/201/1,A1 - monomer,F2 - EVD68_Reference_20230131,11a - 7gov/B/201,11 - B0517/A/209/1,F2ac - 7gov/B/201/1,A1 - monomer,F2 - EVD68_Reference_20230131,7gov-a,False,True
7gox-a,7gox_A_201_v1,7gox,,CCC(=O)Nc1ccc(C)cc1O,7gp9/A/163/A_v1,True,1a - 7gp9/A/201,1 - 7gp9/A/201/1,F2a - 7gox/A/201/1,A1 - monomer,F2 - EVD68_Reference_20230131,1a - 7gp9/A/201,1 - 7gp9/A/201/1,F2a - 7gox/A/201/1,A1 - monomer,F2 - EVD68_Reference_20230131,1a - 7gp9/A/201,1 - 7gp9/A/201/1,F2a - 7gox/A/201/1,A1 - monomer,F2 - EVD68_Reference_20230131,7gox-a,True,True
7goy-b,7goy_A_202_v1,7goy,,COC(=O)CNC(=O)c1cc(C)on1,7goy/A/123/A_v1,True,19a - 7goy/A/202,19 - 7goy/A/202/1,F2ap - 7goy/A/202/1,A1 - monomer,F2 - EVD68_Reference_20230131,19a - 7goy/A/202,19 - 7goy/A/202/1,F2ap - 7goy/A/202/1,A1 - monomer,F2 - EVD68_Reference_20230131,19a - 7goy/A/202,19 - 7goy/A/202/1,F2ap - 7goy/A/202/1,A1 - monomer,F2 - EVD68_Reference_20230131,7goy-b,False,True
7goy-a,7goy_A_201_v1,7goy,,COC(=O)CNC(=O)c1cc(C)on1,7gp9/A/163/A_v1,True,1a - 7gp9/A/201,1 - 7gp9/A/201/1,F2b - 7gp9/A/201/1,A1 - monomer,F2 - EVD68_Reference_20230131,1a - 7gp9/A/201,1 - 7gp9/A/201/1,F2b - 7gp9/A/201/1,A1 - monomer,F2 - EVD68_Reference_20230131,1a - 7gp9/A/201,1 - 7gp9/A/201/1,F2b - 7gp9/A/201/1,A1 - monomer,F2 - EVD68_Reference_20230131,7goy-a,True,True
7goz-a,7goz_B_201_v1,7goz,,O=C(Nc1ccccn1)[C@H]1COCCO1,7gon/B/47/B_v1,True,2a - 7gon/B/201,2 - 7gon/B/201/1,F2j - 7gqb/B/201/1,A1 - monomer,F2 - EVD68_Reference_20230131,2a - 7gon/B/201,2 - 7gon/B/201/1,F2j - 7gqb/B/201/1,A1 - monomer,F2 - EVD68_Reference_20230131,2a - 7gon/B/201,2 - 7gon/B/201/1,F2j - 7gqb/B/201/1,A1 - monomer,F2 - EVD68_Reference_20230131,7goz-a,False,True
7gp0-a,7gp0_B_201_v1,7gp0,,NS(=O)(=O)c1ccccc1OC(F)F,7gon/B/47/B_v1,True,2a - 7gon/B/201,2 - 7gon/B/201/1,F2j - 7gqb/B/201/1,A1 - monomer,F2 - EVD68_Reference_20230131,2a - 7gon/B/201,2 - 7gon/B/201/1,F2j - 7gqb/B/201/1,A1 - monomer,F2 - EVD68_Reference_20230131,2a - 7gon/B/201,2 - 7gon/B/201/1,F2j - 7gqb/B/201/1,A1 - monomer,F2 - EVD68_Reference_20230131,7gp0-a,False,True
7gp0-b,7gp0_A_301_v1,7gp0,,NS(=O)(=O)c1ccccc1OC(F)F,D68EV3CPROB-x1120/B/115/A_v1,True,5g - 7gp0/A/301,5 - D68EV3CPROB-x1120/A/308/1,F2r - 7goj/A/201/1,A1 - monomer,F2 - EVD68_Reference_20230131,5g - 7gp0/A/301,5 - B1120/A/308/1,F2r - 7goj/A/201/1,A1 - monomer,F2 - EVD68_Reference_20230131,5g - 7gp0/A/301,5 - B1120/A/308/1,F2r - 7goj/A/201/1,A1 - monomer,F2 - EVD68_Reference_20230131,7gp0-b,False,True
7gq5-a,7gq5_B_201_v1,7gq5,,N#Cc1cnc[nH]1,7gon/B/47/B_v1,True,2a - 7gon/B/201,2 - 7gon/B/201/1,F2j - 7gqb/B/201/1,A1 - monomer,F2 - EVD68_Reference_20230131,2a - 7gon/B/201,2 - 7gon/B/201/1,F2j - 7gqb/B/201/1,A1 - monomer,F2 - EVD68_Reference_20230131,2a - 7gon/B/201,2 - 7gon/B/201/1,F2j - 7gqb/B/201/1,A1 - monomer,F2 - EVD68_Reference_20230131,7gq5-a,False,True
7gq5-b,7gq5_A_201_v1,7gq5,,N#Cc1cnc[nH]1,7gq5/B/115/A_v1,True,10b - 7gq5/A/201,10 - 7gq5/A/201/1,F2af - 7gq5/A/201/1,A1 - monomer,F2 - EVD68_Reference_20230131,10b - 7gq5/A/201,10 - 7gq5/A/201/1,F2af - 7gq5/A/201/1,A1 - monomer,F2 - EVD68_Reference_20230131,10b - 7gq5/A/201,10 - 7gq5/A/201/1,F2af - 7gq5/A/201/1,A1 - monomer,F2 - EVD68_Reference_20230131,7gq5-b,False,True
7gpn-a,7gpn_A_201_v1,7gpn,,Cc1nnc2n1CCNC2,7gpw/B/74/B_v1,True,3a - 7gpw/B/202,3 - 7gpw/B/202/1,F2m - 7goi/A/201/1,A1 - monomer,F2 - EVD68_Reference_20230131,3a - 7gpw/B/202,3 - 7gpw/B/202/1,F2m - 7goi/A/201/1,A1 - monomer,F2 - EVD68_Reference_20230131,3a - 7gpw/B/202,3 - 7gpw/B/202/1,F2m - 7goi/A/201/1,A1 - monomer,F2 - EVD68_Reference_20230131,7gpn-a,False,True
7gnv-a,7gnv_B_201_v1,7gnv,,Cc1ccsc1C(=O)O,7gon/B/47/B_v1,True,2a - 7gon/B/201,2 - 7gon/B/201/1,F2j - 7gqb/B/201/1,A1 - monomer,F2 - EVD68_Reference_20230131,2a - 7gon/B/201,2 - 7gon/B/201/1,F2j - 7gqb/B/201/1,A1 - monomer,F2 - EVD68_Reference_20230131,2a - 7gon/B/201,2 - 7gon/B/201/1,F2j - 7gqb/B/201/1,A1 - monomer,F2 - EVD68_Reference_20230131,7gnv-a,False,True
7gnv-b,7gnv_B_202_v1,7gnv,,Cc1ccsc1C(=O)O,7gq1/B/14/B_v1,True,9a - 7gq1/B/202,9 - 7gq1/B/202/1,F2ae - 7gq1/B/202/1,A1 - monomer,F2 - EVD68_Reference_20230131,9a - 7gq1/B/202,9 - 7gq1/B/202/1,F2ae - 7gq1/B/202/1,A1 - monomer,F2 - EVD68_Reference_20230131,9a - 7gq1/B/202,9 - 7gq1/B/202/1,F2ae - 7gq1/B/202/1,A1 - monomer,F2 - EVD68_Reference_20230131,7gnv-b,False,True
7goa-b,7goa_A_201_v1,7goa,,NS(=O)(=O)c1ccc2ncsc2c1,7goa/A/0/A_v1,True,8a - 7goa/A/201,8 - 7goa/A/201/1,F2ad - 7gpy/B/201/1,A1 - monomer,F2 - EVD68_Reference_20230131,8a - 7goa/A/201,8 - 7goa/A/201/1,F2ad - 7gpy/B/201/1,A1 - monomer,F2 - EVD68_Reference_20230131,8a - 7goa/A/201,8 - 7goa/A/201/1,F2ad - 7gpy/B/201/1,A1 - monomer,F2 - EVD68_Reference_20230131,7goa-b,False,True
7goa-a,7goa_B_201_v1,7goa,,NS(=O)(=O)c1ccc2ncsc2c1,7gpw/B/74/B_v1,True,3a - 7gpw/B/202,3 - 7gpw/B/202/1,F2l - 7go5/B/401/1,A1 - monomer,F2 - EVD68_Reference_20230131,3a - 7gpw/B/202,3 - 7gpw/B/202/1,F2l - 7go5/B/401/1,A1 - monomer,F2 - EVD68_Reference_20230131,3a - 7gpw/B/202,3 - 7gpw/B/202/1,F2l - 7go5/B/401/1,A1 - monomer,F2 - EVD68_Reference_20230131,7goa-a,False,True
7gpm-a,7gpm_B_201_v1,7gpm,,CC(C)c1nc([C@@H]2CCCN2)no1,7gp9/A/163/A_v1,True,1a - 7gp9/A/201,1 - 7gp9/A/201/1,F2d - 7gpm/B/201/1,A1 - monomer,F2 - EVD68_Reference_20230131,1a - 7gp9/A/201,1 - 7gp9/A/201/1,F2d - 7gpm/B/201/1,A1 - monomer,F2 - EVD68_Reference_20230131,1a - 7gp9/A/201,1 - 7gp9/A/201/1,F2d - 7gpm/B/201/1,A1 - monomer,F2 - EVD68_Reference_20230131,7gpm-a,True,True
7gny-a,7gny_B_201_v1,7gny,,O=C1CC[C@@H](NC(=O)c2cscn2)CN1,7gon/B/47/B_v1,True,2a - 7gon/B/201,2 - 7gon/B/201/1,F2j - 7gqb/B/201/1,A1 - monomer,F2 - EVD68_Reference_20230131,2a - 7gon/B/201,2 - 7gon/B/201/1,F2j - 7gqb/B/201/1,A1 - monomer,F2 - EVD68_Reference_20230131,2a - 7gon/B/201,2 - 7gon/B/201/1,F2j - 7gqb/B/201/1,A1 - monomer,F2 - EVD68_Reference_20230131,7gny-a,False,True
7gqf-a,7gqf_A_201_v1,7gqf,,Nc1nnc2ccccn12,7gp9/A/163/A_v1,True,1a - 7gp9/A/201,1 - 7gp9/A/201/1,F2b - 7gp9/A/201/1,A1 - monomer,F2 - EVD68_Reference_20230131,1a - 7gp9/A/201,1 - 7gp9/A/201/1,F2b - 7gp9/A/201/1,A1 - monomer,F2 - EVD68_Reference_20230131,1a - 7gp9/A/201,1 - 7gp9/A/201/1,F2b - 7gp9/A/201/1,A1 - monomer,F2 - EVD68_Reference_20230131,7gqf-a,True,True
7go1-a,7go1_A_201_v1,7go1,,Cc1ccc(CS(N)(=O)=O)cc1F,7gpw/B/74/B_v1,True,3a - 7gpw/B/202,3 - 7gpw/B/202/1,F2m - 7goi/A/201/1,A1 - monomer,F2 - EVD68_Reference_20230131,3a - 7gpw/B/202,3 - 7gpw/B/202/1,F2m - 7goi/A/201/1,A1 - monomer,F2 - EVD68_Reference_20230131,3a - 7gpw/B/202,3 - 7gpw/B/202/1,F2m - 7goi/A/201/1,A1 - monomer,F2 - EVD68_Reference_20230131,7go1-a,False,True
7go1-b,7go1_B_201_v1,7go1,,Cc1ccc(CS(N)(=O)=O)cc1F,7gpw/B/74/B_v1,True,3a - 7gpw/B/202,3 - 7gpw/B/202/1,F2l - 7go5/B/401/1,A1 - monomer,F2 - EVD68_Reference_20230131,3a - 7gpw/B/202,3 - 7gpw/B/202/1,F2l - 7go5/B/401/1,A1 - monomer,F2 - EVD68_Reference_20230131,3a - 7gpw/B/202,3 - 7gpw/B/202/1,F2l - 7go5/B/401/1,A1 - monomer,F2 - EVD68_Reference_20230131,7go1-a,False,True
7go3-a,7go3_A_301_v1,7go3,,CCn1ccc(CNC)n1,7gq5/B/115/A_v1,True,10a - 7go3/A/301,10 - 7gq5/A/201/1,F2af - 7gq5/A/201/1,A1 - monomer,F2 - EVD68_Reference_20230131,10a - 7go3/A/301,10 - 7gq5/A/201/1,F2af - 7gq5/A/201/1,A1 - monomer,F2 - EVD68_Reference_20230131,10a - 7go3/A/301,10 - 7gq5/A/201/1,F2af - 7gq5/A/201/1,A1 - monomer,F2 - EVD68_Reference_20230131,7go3-a,False,True
7gpc-a,7gpc_B_201_v1,7gpc,,Cc1ccsc1CNC(C)(C)CO,7gon/B/47/B_v1,True,2a - 7gon/B/201,2 - 7gon/B/201/1,F2j - 7gqb/B/201/1,A1 - monomer,F2 - EVD68_Reference_20230131,2a - 7gon/B/201,2 - 7gon/B/201/1,F2j - 7gqb/B/201/1,A1 - monomer,F2 - EVD68_Reference_20230131,2a - 7gon/B/201,2 - 7gon/B/201/1,F2j - 7gqb/B/201/1,A1 - monomer,F2 - EVD68_Reference_20230131,7gpc-a,False,True
7gnw-a,7gnw_A_201_v1,7gnw,,COc1cc(C(=O)O)cc(OC)c1OC,7gp7/A/6/A_v1,True,4a - 7gp7/A/201,4 - 7gp7/A/201/1,F2q - 7gp7/A/201/1,A1 - monomer,F2 - EVD68_Reference_20230131,4a - 7gp7/A/201,4 - 7gp7/A/201/1,F2q - 7gp7/A/201/1,A1 - monomer,F2 - EVD68_Reference_20230131,4a - 7gp7/A/201,4 - 7gp7/A/201/1,F2q - 7gp7/A/201/1,A1 - monomer,F2 - EVD68_Reference_20230131,7gnw-a,False,True
7gqh-a,7gqh_A_201_v1,7gqh,,CC1(C)OC(=O)c2cc(Br)c(O)cc2O1,7gp9/A/163/A_v1,True,1a - 7gp9/A/201,1 - 7gp9/A/201/1,F2b - 7gp9/A/201/1,A1 - monomer,F2 - EVD68_Reference_20230131,1a - 7gp9/A/201,1 - 7gp9/A/201/1,F2b - 7gp9/A/201/1,A1 - monomer,F2 - EVD68_Reference_20230131,1a - 7gp9/A/201,1 - 7gp9/A/201/1,F2b - 7gp9/A/201/1,A1 - monomer,F2 - EVD68_Reference_20230131,7gqh-a,True,True
7gnx-a,7gnx_A_201_v1,7gnx,,O=S(=O)(NC1CCCC1)C1CCOCC1,D68EV3CPROB-x1081/B/91/A_v1,True,7a - D68EV3CPROB-x1081/A/308,7 - D68EV3CPROB-x1081/A/308/1,F2y - 7gnx/A/201/1,A1 - monomer,F2 - EVD68_Reference_20230131,7a - B1081/A/308,7 - B1081/A/308/1,F2y - 7gnx/A/201/1,A1 - monomer,F2 - EVD68_Reference_20230131,7a - B1081/A/308,7 - B1081/A/308/1,F2y - 7gnx/A/201/1,A1 - monomer,F2 - EVD68_Reference_20230131,7gnx-a,False,True
7gqq-a,7gqq_B_201_v1,7gqq,,Clc1cnc[nH]1,7gon/B/47/B_v1,True,2a - 7gon/B/201,2 - 7gon/B/201/1,F2j - 7gqb/B/201/1,A1 - monomer,F2 - EVD68_Reference_20230131,2a - 7gon/B/201,2 - 7gon/B/201/1,F2j - 7gqb/B/201/1,A1 - monomer,F2 - EVD68_Reference_20230131,2a - 7gon/B/201,2 - 7gon/B/201/1,F2j - 7gqb/B/201/1,A1 - monomer,F2 - EVD68_Reference_20230131,7gqq-a,False,True
7gqo-a,7gqo_B_201_v1,7gqo,,Ic1ccn[nH]1,7gon/B/47/B_v1,True,2a - 7gon/B/201,2 - 7gon/B/201/1,F2j - 7gqb/B/201/1,A1 - monomer,F2 - EVD68_Reference_20230131,2a - 7gon/B/201,2 - 7gon/B/201/1,F2j - 7gqb/B/201/1,A1 - monomer,F2 - EVD68_Reference_20230131,2a - 7gon/B/201,2 - 7gon/B/201/1,F2j - 7gqb/B/201/1,A1 - monomer,F2 - EVD68_Reference_20230131,7gqo-a,False,True
7gnz-a,7gnz_B_201_v1,7gnz,,CC(=O)Nc1cnccc1C,D68EV3CPROB-x1120/B/115/A_v1,True,5a - 7gnz/B/201,5 - D68EV3CPROB-x1120/A/308/1,F2r - 7goj/A/201/1,A1 - monomer,F2 - EVD68_Reference_20230131,5a - 7gnz/B/201,5 - B1120/A/308/1,F2r - 7goj/A/201/1,A1 - monomer,F2 - EVD68_Reference_20230131,5a - 7gnz/B/201,5 - B1120/A/308/1,F2r - 7goj/A/201/1,A1 - monomer,F2 - EVD68_Reference_20230131,7gnz-a,False,True
7gpt-a,7gpt_A_201_v1,7gpt,,C[C@H]1CCCN(S(C)(=O)=O)[C@@H]1CO,7gon/B/47/B_v1,True,2a - 7gon/B/201,2 - 7gon/B/201/1,F2i - 7gpu/A/201/1,A1 - monomer,F2 - EVD68_Reference_20230131,2a - 7gon/B/201,2 - 7gon/B/201/1,F2i - 7gpu/A/201/1,A1 - monomer,F2 - EVD68_Reference_20230131,2a - 7gon/B/201,2 - 7gon/B/201/1,F2i - 7gpu/A/201/1,A1 - monomer,F2 - EVD68_Reference_20230131,7gpt-a,False,True
7gq0-a,7gq0_B_201_v1,7gq0,,CC(=O)NCC(=O)NCC#CBr,7gpw/B/74/B_v1,True,3a - 7gpw/B/202,3 - 7gpw/B/202/1,F2l - 7go5/B/401/1,A1 - monomer,F2 - EVD68_Reference_20230131,3a - 7gpw/B/202,3 - 7gpw/B/202/1,F2l - 7go5/B/401/1,A1 - monomer,F2 - EVD68_Reference_20230131,3a - 7gpw/B/202,3 - 7gpw/B/202/1,F2l - 7go5/B/401/1,A1 - monomer,F2 - EVD68_Reference_20230131,7gq0-a,False,True
7gq9-a,7gq9_A_201_v1,7gq9,,COc1ccc(C2=CCNCC2)cc1,7gq1/B/14/B_v1,True,9a - 7gq1/B/202,9 - 7gq1/B/202/1,F2ag - 7gq9/A/201/1,A1 - monomer,F2 - EVD68_Reference_20230131,9a - 7gq1/B/202,9 - 7gq1/B/202/1,F2ag - 7gq9/A/201/1,A1 - monomer,F2 - EVD68_Reference_20230131,9a - 7gq1/B/202,9 - 7gq1/B/202/1,F2ag - 7gq9/A/201/1,A1 - monomer,F2 - EVD68_Reference_20230131,7gq9-a,False,True
7gpi-a,7gpi_B_201_v1,7gpi,,CN(C)C(=O)COc1ccc(N)c(F)c1,7gon/B/47/B_v1,True,2a - 7gon/B/201,2 - 7gon/B/201/1,F2j - 7gqb/B/201/1,A1 - monomer,F2 - EVD68_Reference_20230131,2a - 7gon/B/201,2 - 7gon/B/201/1,F2j - 7gqb/B/201/1,A1 - monomer,F2 - EVD68_Reference_20230131,2a - 7gon/B/201,2 - 7gon/B/201/1,F2j - 7gqb/B/201/1,A1 - monomer,F2 - EVD68_Reference_20230131,7gpi-a,False,True
7gpr-a,7gpr_A_201_v1,7gpr,,COC(=O)[C@@]1(c2ccc(C)cc2)CCNC1,7gp7/A/6/A_v1,True,4a - 7gp7/A/201,4 - 7gp7/A/201/1,F2q - 7gp7/A/201/1,A1 - monomer,F2 - EVD68_Reference_20230131,4a - 7gp7/A/201,4 - 7gp7/A/201/1,F2q - 7gp7/A/201/1,A1 - monomer,F2 - EVD68_Reference_20230131,4a - 7gp7/A/201,4 - 7gp7/A/201/1,F2q - 7gp7/A/201/1,A1 - monomer,F2 - EVD68_Reference_20230131,7gpr-a,False,True
7gqc-a,7gqc_B_201_v1,7gqc,,O=C(O)c1cnc(-c2ccccc2)s1,7gp7/A/6/A_v1,True,4a - 7gp7/A/201,4 - 7gp7/A/201/1,F2p - 7gp4/A/201/1,A1 - monomer,F2 - EVD68_Reference_20230131,4a - 7gp7/A/201,4 - 7gp7/A/201/1,F2p - 7gp4/A/201/1,A1 - monomer,F2 - EVD68_Reference_20230131,4a - 7gp7/A/201,4 - 7gp7/A/201/1,F2p - 7gp4/A/201/1,A1 - monomer,F2 - EVD68_Reference_20230131,7gqc-a,False,True
7go5-c,7go5_A_201_v1,7go5,,Fc1cc(F)c2c(c1)C=CCO2,7go5/A/112/A_v1,True,13a - 7go5/A/201,13 - 7go5/A/201/1,F2aj - 7go5/A/201/1,A1 - monomer,F2 - EVD68_Reference_20230131,13a - 7go5/A/201,13 - 7go5/A/201/1,F2aj - 7go5/A/201/1,A1 - monomer,F2 - EVD68_Reference_20230131,13a - 7go5/A/201,13 - 7go5/A/201/1,F2aj - 7go5/A/201/1,A1 - monomer,F2 - EVD68_Reference_20230131,7go5-c,False,True
7go5-b,7go5_A_202_v1,7go5,,Fc1cc(F)c2c(c1)C=CCO2,7goa/A/0/A_v1,True,8a - 7goa/A/201,8 - 7goa/A/201/1,F2ad - 7gpy/B/201/1,A1 - monomer,F2 - EVD68_Reference_20230131,8a - 7goa/A/201,8 - 7goa/A/201/1,F2ad - 7gpy/B/201/1,A1 - monomer,F2 - EVD68_Reference_20230131,8a - 7goa/A/201,8 - 7goa/A/201/1,F2ad - 7gpy/B/201/1,A1 - monomer,F2 - EVD68_Reference_20230131,7go5-b,False,True
7go5-a,7go5_B_401_v1,7go5,,Fc1cc(F)c2c(c1)C=CCO2,7gpw/B/74/B_v1,True,3a - 7gpw/B/202,3 - 7gpw/B/202/1,F2l - 7go5/B/401/1,A1 - monomer,F2 - EVD68_Reference_20230131,3a - 7gpw/B/202,3 - 7gpw/B/202/1,F2l - 7go5/B/401/1,A1 - monomer,F2 - EVD68_Reference_20230131,3a - 7gpw/B/202,3 - 7gpw/B/202/1,F2l - 7go5/B/401/1,A1 - monomer,F2 - EVD68_Reference_20230131,7go5-a,False,True
7gq7-a,7gq7_A_201_v1,7gq7,,CS(=O)(=O)Nc1ccc(C(=O)O)cc1,7gp9/A/163/A_v1,True,1a - 7gp9/A/201,1 - 7gp9/A/201/1,F2a - 7gox/A/201/1,A1 - monomer,F2 - EVD68_Reference_20230131,1a - 7gp9/A/201,1 - 7gp9/A/201/1,F2a - 7gox/A/201/1,A1 - monomer,F2 - EVD68_Reference_20230131,1a - 7gp9/A/201,1 - 7gp9/A/201/1,F2a - 7gox/A/201/1,A1 - monomer,F2 - EVD68_Reference_20230131,7gq7-a,False,True
7go0-a,7go0_B_201_v1,7go0,,CCNCc1cccc2[nH]ccc12,7gon/B/47/B_v1,True,2a - 7gon/B/201,2 - 7gon/B/201/1,F2j - 7gqb/B/201/1,A1 - monomer,F2 - EVD68_Reference_20230131,2a - 7gon/B/201,2 - 7gon/B/201/1,F2j - 7gqb/B/201/1,A1 - monomer,F2 - EVD68_Reference_20230131,2a - 7gon/B/201,2 - 7gon/B/201/1,F2j - 7gqb/B/201/1,A1 - monomer,F2 - EVD68_Reference_20230131,7go0-a,False,True
7gql-a,7gql_A_201_v1,7gql,,CCn1cnc2ccccc21,7gql/B/115/A_v1,True,27a - 7gql/A/201,27 - 7gql/A/201/1,F2ax - 7gql/A/201/1,A1 - monomer,F2 - EVD68_Reference_20230131,27a - 7gql/A/201,27 - 7gql/A/201/1,F2ax - 7gql/A/201/1,A1 - monomer,F2 - EVD68_Reference_20230131,27a - 7gql/A/201,27 - 7gql/A/201/1,F2ax - 7gql/A/201/1,A1 - monomer,F2 - EVD68_Reference_20230131,7gql-a,False,True
7gpq-a,7gpq_A_201_v1,7gpq,,COC(=O)[C@@]1(C)CCCN1S(C)(=O)=O,7gpw/B/74/B_v1,True,3a - 7gpw/B/202,3 - 7gpw/B/202/1,F2m - 7goi/A/201/1,A1 - monomer,F2 - EVD68_Reference_20230131,3a - 7gpw/B/202,3 - 7gpw/B/202/1,F2m - 7goi/A/201/1,A1 - monomer,F2 - EVD68_Reference_20230131,3a - 7gpw/B/202,3 - 7gpw/B/202/1,F2m - 7goi/A/201/1,A1 - monomer,F2 - EVD68_Reference_20230131,7gpq-a,False,True
7gqj-a,7gqj_B_201_v1,7gqj,,Cc1cc(-c2ccccc2)[nH]n1,7gp7/A/6/A_v1,True,4a - 7gp7/A/201,4 - 7gp7/A/201/1,F2p - 7gp4/A/201/1,A1 - monomer,F2 - EVD68_Reference_20230131,4a - 7gp7/A/201,4 - 7gp7/A/201/1,F2p - 7gp4/A/201/1,A1 - monomer,F2 - EVD68_Reference_20230131,4a - 7gp7/A/201,4 - 7gp7/A/201/1,F2p - 7gp4/A/201/1,A1 - monomer,F2 - EVD68_Reference_20230131,7gqj-a,False,True
7go7-a,7go7_B_201_v1,7go7,,CC(=O)NCCc1c[nH]c2ccc(F)cc12,7gon/B/47/B_v1,True,2a - 7gon/B/201,2 - 7gon/B/201/1,F2j - 7gqb/B/201/1,A1 - monomer,F2 - EVD68_Reference_20230131,2a - 7gon/B/201,2 - 7gon/B/201/1,F2j - 7gqb/B/201/1,A1 - monomer,F2 - EVD68_Reference_20230131,2a - 7gon/B/201,2 - 7gon/B/201/1,F2j - 7gqb/B/201/1,A1 - monomer,F2 - EVD68_Reference_20230131,7go7-a,False,True
7gpg-a,7gpg_B_201_v1,7gpg,,CCN1N=C(C(F)(F)F)CC1=O,7gon/B/47/B_v1,True,2a - 7gon/B/201,2 - 7gon/B/201/1,F2j - 7gqb/B/201/1,A1 - monomer,F2 - EVD68_Reference_20230131,2a - 7gon/B/201,2 - 7gon/B/201/1,F2j - 7gqb/B/201/1,A1 - monomer,F2 - EVD68_Reference_20230131,2a - 7gon/B/201,2 - 7gon/B/201/1,F2j - 7gqb/B/201/1,A1 - monomer,F2 - EVD68_Reference_20230131,7gpg-a,False,True
7go9-a,7go9_A_201_v1,7go9,,O=C(c1cn[nH]c1)N1CCCC1,7gpw/B/74/B_v1,True,3a - 7gpw/B/202,3 - 7gpw/B/202/1,F2m - 7goi/A/201/1,A1 - monomer,F2 - EVD68_Reference_20230131,3a - 7gpw/B/202,3 - 7gpw/B/202/1,F2m - 7goi/A/201/1,A1 - monomer,F2 - EVD68_Reference_20230131,3a - 7gpw/B/202,3 - 7gpw/B/202/1,F2m - 7goi/A/201/1,A1 - monomer,F2 - EVD68_Reference_20230131,7go9-a,False,True
7gqg-a,7gqg_B_201_v1,7gqg,,O=C(O)c1cccc(Nc2ncccn2)c1,7gpw/B/74/B_v1,True,3a - 7gpw/B/202,3 - 7gpw/B/202/1,F2n - 7gou/B/202/1,A1 - monomer,F2 - EVD68_Reference_20230131,3a - 7gpw/B/202,3 - 7gpw/B/202/1,F2n - 7gou/B/202/1,A1 - monomer,F2 - EVD68_Reference_20230131,3a - 7gpw/B/202,3 - 7gpw/B/202/1,F2n - 7gou/B/202/1,A1 - monomer,F2 - EVD68_Reference_20230131,7gqg-a,False,True
7gqp-a,7gqp_A_201_v1,7gqp,,N#Cc1cnc[nH]1,7gq5/B/115/A_v1,True,10c - 7gqp/A/201,10 - 7gq5/A/201/1,F2af - 7gq5/A/201/1,A1 - monomer,F2 - EVD68_Reference_20230131,10c - 7gqp/A/201,10 - 7gq5/A/201/1,F2af - 7gq5/A/201/1,A1 - monomer,F2 - EVD68_Reference_20230131,10c - 7gqp/A/201,10 - 7gq5/A/201/1,F2af - 7gq5/A/201/1,A1 - monomer,F2 - EVD68_Reference_20230131,7gqp-a,False,True
7gq2-a,7gq2_A_201_v1,7gq2,,NC1=NCCCN1,7gq2/A/79/A_v1,True,26a - 7gq2/A/201,26 - 7gq2/A/201/1,F2aw - 7gq2/A/201/1,A1 - monomer,F2 - EVD68_Reference_20230131,26a - 7gq2/A/201,26 - 7gq2/A/201/1,F2aw - 7gq2/A/201/1,A1 - monomer,F2 - EVD68_Reference_20230131,26a - 7gq2/A/201,26 - 7gq2/A/201/1,F2aw - 7gq2/A/201/1,A1 - monomer,F2 - EVD68_Reference_20230131,7gq2-a,False,True
7gqa-a,7gqa_B_201_v1,7gqa,,Cn1c(CO)nc2ccccc21,7gon/B/47/B_v1,True,2a - 7gon/B/201,2 - 7gon/B/201/1,F2j - 7gqb/B/201/1,A1 - monomer,F2 - EVD68_Reference_20230131,2a - 7gon/B/201,2 - 7gon/B/201/1,F2j - 7gqb/B/201/1,A1 - monomer,F2 - EVD68_Reference_20230131,2a - 7gon/B/201,2 - 7gon/B/201/1,F2j - 7gqb/B/201/1,A1 - monomer,F2 - EVD68_Reference_20230131,7gqa-a,False,True
7gob-a,7gob_B_201_v1,7gob,,Cc1cc(F)cc(S(N)(=O)=O)c1,7gob/B/101/B_v1,True,15a - 7gob/B/201,15 - 7gob/B/201/1,F2al - 7gob/B/201/1,A1 - monomer,F2 - EVD68_Reference_20230131,15a - 7gob/B/201,15 - 7gob/B/201/1,F2al - 7gob/B/201/1,A1 - monomer,F2 - EVD68_Reference_20230131,15a - 7gob/B/201,15 - 7gob/B/201/1,F2al - 7gob/B/201/1,A1 - monomer,F2 - EVD68_Reference_20230131,7gob-a,False,True
7go2-a,7go2_A_201_v1,7go2,,c1cn2cnnc2cn1,7gp9/A/163/A_v1,True,1a - 7gp9/A/201,1 - 7gp9/A/201/1,F2b - 7gp9/A/201/1,A1 - monomer,F2 - EVD68_Reference_20230131,1a - 7gp9/A/201,1 - 7gp9/A/201/1,F2b - 7gp9/A/201/1,A1 - monomer,F2 - EVD68_Reference_20230131,1a - 7gp9/A/201,1 - 7gp9/A/201/1,F2b - 7gp9/A/201/1,A1 - monomer,F2 - EVD68_Reference_20230131,7go2-a,True,True
7go4-a,7go4_B_201_v1,7go4,,Oc1cc(O)n2ccnc2n1,7gon/B/47/B_v1,True,2a - 7gon/B/201,2 - 7gon/B/201/1,F2j - 7gqb/B/201/1,A1 - monomer,F2 - EVD68_Reference_20230131,2a - 7gon/B/201,2 - 7gon/B/201/1,F2j - 7gqb/B/201/1,A1 - monomer,F2 - EVD68_Reference_20230131,2a - 7gon/B/201,2 - 7gon/B/201/1,F2j - 7gqb/B/201/1,A1 - monomer,F2 - EVD68_Reference_20230131,7go4-a,False,True
7go4-b,7go4_B_202_v1,7go4,,Oc1cc(O)n2ccnc2n1,D68EV3CPROB-x1120/B/115/A_v1,True,5b - 7go4/B/202,5 - D68EV3CPROB-x1120/A/308/1,F2r - 7goj/A/201/1,A1 - monomer,F2 - EVD68_Reference_20230131,5b - 7go4/B/202,5 - B1120/A/308/1,F2r - 7goj/A/201/1,A1 - monomer,F2 - EVD68_Reference_20230131,5b - 7go4/B/202,5 - B1120/A/308/1,F2r - 7goj/A/201/1,A1 - monomer,F2 - EVD68_Reference_20230131,7go4-b,False,True
7gqe-a,7gqe_B_201_v1,7gqe,,O=C(NC1CC1)c1ccccc1O,7gon/B/47/B_v1,True,2a - 7gon/B/201,2 - 7gon/B/201/1,F2j - 7gqb/B/201/1,A1 - monomer,F2 - EVD68_Reference_20230131,2a - 7gon/B/201,2 - 7gon/B/201/1,F2j - 7gqb/B/201/1,A1 - monomer,F2 - EVD68_Reference_20230131,2a - 7gon/B/201,2 - 7gon/B/201/1,F2j - 7gqb/B/201/1,A1 - monomer,F2 - EVD68_Reference_20230131,7gqe-a,False,True
7goc-a,7goc_B_201_v1,7goc,,CC=C=CN(C)C1CCS(=O)(=O)CC1,7goc/B/106/B_v1,True,16a - 7goc/B/201,16 - 7goc/B/201/1,F2am - 7goc/B/201/1,A1 - monomer,F2 - EVD68_Reference_20230131,16a - 7goc/B/201,16 - 7goc/B/201/1,F2am - 7goc/B/201/1,A1 - monomer,F2 - EVD68_Reference_20230131,16a - 7goc/B/201,16 - 7goc/B/201/1,F2am - 7goc/B/201/1,A1 - monomer,F2 - EVD68_Reference_20230131,7goc-a,False,True
7gq8-a,7gq8_B_201_v1,7gq8,,Nc1ccc(SC(F)F)cc1,D68EV3CPROB-x1120/B/115/A_v1,True,5i - 7gq8/B/201,5 - D68EV3CPROB-x1120/A/308/1,F2r - 7goj/A/201/1,A1 - monomer,F2 - EVD68_Reference_20230131,5i - 7gq8/B/201,5 - B1120/A/308/1,F2r - 7goj/A/201/1,A1 - monomer,F2 - EVD68_Reference_20230131,5i - 7gq8/B/201,5 - B1120/A/308/1,F2r - 7goj/A/201/1,A1 - monomer,F2 - EVD68_Reference_20230131,7gq8-a,False,True
7gph-a,7gph_B_201_v1,7gph,,CS(=O)(=O)C[C@H](O)c1ccccc1,7gon/B/47/B_v1,True,2a - 7gon/B/201,2 - 7gon/B/201/1,F2j - 7gqb/B/201/1,A1 - monomer,F2 - EVD68_Reference_20230131,2a - 7gon/B/201,2 - 7gon/B/201/1,F2j - 7gqb/B/201/1,A1 - monomer,F2 - EVD68_Reference_20230131,2a - 7gon/B/201,2 - 7gon/B/201/1,F2j - 7gqb/B/201/1,A1 - monomer,F2 - EVD68_Reference_20230131,7gph-a,False,True
7go8-a,7go8_A_201_v1,7go8,,O=C(O)c1ccnn1C1CCOCC1,7gp7/A/6/A_v1,True,4a - 7gp7/A/201,4 - 7gp7/A/201/1,F2q - 7gp7/A/201/1,A1 - monomer,F2 - EVD68_Reference_20230131,4a - 7gp7/A/201,4 - 7gp7/A/201/1,F2q - 7gp7/A/201/1,A1 - monomer,F2 - EVD68_Reference_20230131,4a - 7gp7/A/201,4 - 7gp7/A/201/1,F2q - 7gp7/A/201/1,A1 - monomer,F2 - EVD68_Reference_20230131,7go8-a,False,True
7gqk-a,7gqk_B_201_v1,7gqk,,O=C(c1ccccc1)N1CCC(CO)CC1,7gon/B/47/B_v1,True,2a - 7gon/B/201,2 - 7gon/B/201/1,F2j - 7gqb/B/201/1,A1 - monomer,F2 - EVD68_Reference_20230131,2a - 7gon/B/201,2 - 7gon/B/201/1,F2j - 7gqb/B/201/1,A1 - monomer,F2 - EVD68_Reference_20230131,2a - 7gon/B/201,2 - 7gon/B/201/1,F2j - 7gqb/B/201/1,A1 - monomer,F2 - EVD68_Reference_20230131,7gqk-a,False,True
7gqn-a,7gqn_B_201_v1,7gqn,,Ic1cnc[nH]1,7gon/B/47/B_v1,True,2a - 7gon/B/201,2 - 7gon/B/201/1,F2j - 7gqb/B/201/1,A1 - monomer,F2 - EVD68_Reference_20230131,2a - 7gon/B/201,2 - 7gon/B/201/1,F2j - 7gqb/B/201/1,A1 - monomer,F2 - EVD68_Reference_20230131,2a - 7gon/B/201,2 - 7gon/B/201/1,F2j - 7gqb/B/201/1,A1 - monomer,F2 - EVD68_Reference_20230131,7gqn-a,False,True
7gqn-b,7gqn_A_201_v1,7gqn,,Ic1cnc[nH]1,7gqn/B/115/A_v1,True,28a - 7gqn/A/201,28 - 7gqn/A/201/1,F2ay - 7gqn/A/201/1,A1 - monomer,F2 - EVD68_Reference_20230131,28a - 7gqn/A/201,28 - 7gqn/A/201/1,F2ay - 7gqn/A/201/1,A1 - monomer,F2 - EVD68_Reference_20230131,28a - 7gqn/A/201,28 - 7gqn/A/201/1,F2ay - 7gqn/A/201/1,A1 - monomer,F2 - EVD68_Reference_20230131,7gqn-b,False,True
7gqn-c,7gqn_A_202_v1,7gqn,,Ic1cnc[nH]1,7gqn/A/149/A_v1,True,29a - 7gqn/A/202,29 - 7gqn/A/202/1,F2az - 7gqn/A/202/1,A1 - monomer,F2 - EVD68_Reference_20230131,29a - 7gqn/A/202,29 - 7gqn/A/202/1,F2az - 7gqn/A/202/1,A1 - monomer,F2 - EVD68_Reference_20230131,29a - 7gqn/A/202,29 - 7gqn/A/202/1,F2az - 7gqn/A/202/1,A1 - monomer,F2 - EVD68_Reference_20230131,7gqn-c,False,True
7gpd-a,7gpd_B_201_v1,7gpd,,CC(CO)(CO)NC(=O)Nc1ccccc1,7gon/B/47/B_v1,True,2a - 7gon/B/201,2 - 7gon/B/201/1,F2j - 7gqb/B/201/1,A1 - monomer,F2 - EVD68_Reference_20230131,2a - 7gon/B/201,2 - 7gon/B/201/1,F2j - 7gqb/B/201/1,A1 - monomer,F2 - EVD68_Reference_20230131,2a - 7gon/B/201,2 - 7gon/B/201/1,F2j - 7gqb/B/201/1,A1 - monomer,F2 - EVD68_Reference_20230131,7gpd-a,False,True
7gpa-a,7gpa_B_201_v1,7gpa,,O=C(O)COc1ccc(F)cc1,7gon/B/47/B_v1,True,2a - 7gon/B/201,2 - 7gon/B/201/1,F2j - 7gqb/B/201/1,A1 - monomer,F2 - EVD68_Reference_20230131,2a - 7gon/B/201,2 - 7gon/B/201/1,F2j - 7gqb/B/201/1,A1 - monomer,F2 - EVD68_Reference_20230131,2a - 7gon/B/201,2 - 7gon/B/201/1,F2j - 7gqb/B/201/1,A1 - monomer,F2 - EVD68_Reference_20230131,7gpa-a,False,True
7gpe-a,7gpe_A_201_v1,7gpe,,Nc1ccc(-c2ncno2)cc1,7gp7/A/6/A_v1,True,4a - 7gp7/A/201,4 - 7gp7/A/201/1,F2p - 7gp4/A/201/1,A1 - monomer,F2 - EVD68_Reference_20230131,4a - 7gp7/A/201,4 - 7gp7/A/201/1,F2p - 7gp4/A/201/1,A1 - monomer,F2 - EVD68_Reference_20230131,4a - 7gp7/A/201,4 - 7gp7/A/201/1,F2p - 7gp4/A/201/1,A1 - monomer,F2 - EVD68_Reference_20230131,7gpe-a,False,True
7gpk-b,7gpk_B_201_v1,7gpk,,OC1CCN(Cc2ccsc2)CC1,7gon/B/47/B_v1,True,2a - 7gon/B/201,2 - 7gon/B/201/1,F2j - 7gqb/B/201/1,A1 - monomer,F2 - EVD68_Reference_20230131,2a - 7gon/B/201,2 - 7gon/B/201/1,F2j - 7gqb/B/201/1,A1 - monomer,F2 - EVD68_Reference_20230131,2a - 7gon/B/201,2 - 7gon/B/201/1,F2j - 7gqb/B/201/1,A1 - monomer,F2 - EVD68_Reference_20230131,7gpk-b,False,True
7gpk-a,7gpk_B_202_v1,7gpk,,OC1CCN(Cc2ccsc2)CC1,7gp9/A/163/A_v1,True,1a - 7gp9/A/201,1 - 7gp9/A/201/1,F2c - 7gpk/B/202/1,A1 - monomer,F2 - EVD68_Reference_20230131,1a - 7gp9/A/201,1 - 7gp9/A/201/1,F2c - 7gpk/B/202/1,A1 - monomer,F2 - EVD68_Reference_20230131,1a - 7gp9/A/201,1 - 7gp9/A/201/1,F2c - 7gpk/B/202/1,A1 - monomer,F2 - EVD68_Reference_20230131,7gpk-a,True,True
7gq3-a,7gq3_B_201_v1,7gq3,,Nc1ccn[nH]1,7gon/B/47/B_v1,True,2a - 7gon/B/201,2 - 7gon/B/201/1,F2j - 7gqb/B/201/1,A1 - monomer,F2 - EVD68_Reference_20230131,2a - 7gon/B/201,2 - 7gon/B/201/1,F2j - 7gqb/B/201/1,A1 - monomer,F2 - EVD68_Reference_20230131,2a - 7gon/B/201,2 - 7gon/B/201/1,F2j - 7gqb/B/201/1,A1 - monomer,F2 - EVD68_Reference_20230131,7gq3-a,False,True
7gpl-a,7gpl_A_201_v1,7gpl,,CCOC(=O)c1cn[nH]c1,D68EV3CPROB-x1120/B/115/A_v1,True,5h - 7gpl/A/201,5 - D68EV3CPROB-x1120/A/308/1,F2r - 7goj/A/201/1,A1 - monomer,F2 - EVD68_Reference_20230131,5h - 7gpl/A/201,5 - B1120/A/308/1,F2r - 7goj/A/201/1,A1 - monomer,F2 - EVD68_Reference_20230131,5h - 7gpl/A/201,5 - B1120/A/308/1,F2r - 7goj/A/201/1,A1 - monomer,F2 - EVD68_Reference_20230131,7gpl-a,False,True
7gpo-a,7gpo_B_201_v1,7gpo,,CC(=O)N1C[C@H](C(=O)O)[C@@H](c2ccccc2)C1,7gon/B/47/B_v1,True,2a - 7gon/B/201,2 - 7gon/B/201/1,F2j - 7gqb/B/201/1,A1 - monomer,F2 - EVD68_Reference_20230131,2a - 7gon/B/201,2 - 7gon/B/201/1,F2j - 7gqb/B/201/1,A1 - monomer,F2 - EVD68_Reference_20230131,2a - 7gon/B/201,2 - 7gon/B/201/1,F2j - 7gqb/B/201/1,A1 - monomer,F2 - EVD68_Reference_20230131,7gpo-a,False,True
7gpo-b,7gpo_B_202_v1,7gpo,,CC(=O)N1C[C@H](C(=O)O)[C@@H](c2ccccc2)C1,D68EV3CPROB-x1081/B/91/A_v1,True,7a - D68EV3CPROB-x1081/A/308,7 - D68EV3CPROB-x1081/A/308/1,F2z - 7gpo/B/202/1,A1 - monomer,F2 - EVD68_Reference_20230131,7a - B1081/A/308,7 - B1081/A/308/1,F2z - 7gpo/B/202/1,A1 - monomer,F2 - EVD68_Reference_20230131,7a - B1081/A/308,7 - B1081/A/308/1,F2z - 7gpo/B/202/1,A1 - monomer,F2 - EVD68_Reference_20230131,7gpo-b,False,True
7gq6-a,7gq6_B_201_v1,7gq6,,CS(=O)(=O)c1ccc(N2CCNCC2)cc1,7gpw/B/74/B_v1,True,3a - 7gpw/B/202,3 - 7gpw/B/202/1,F2n - 7gou/B/202/1,A1 - monomer,F2 - EVD68_Reference_20230131,3a - 7gpw/B/202,3 - 7gpw/B/202/1,F2n - 7gou/B/202/1,A1 - monomer,F2 - EVD68_Reference_20230131,3a - 7gpw/B/202,3 - 7gpw/B/202/1,F2n - 7gou/B/202/1,A1 - monomer,F2 - EVD68_Reference_20230131,7gq6-a,False,True
B0426a,D68EV3CPROB-x0426_A_209_v1,D68EV3CPROB-x0426,ASAP-0017342-001,FC(F)(F)c1cccc(N2CCN(Cc3cn[nH]c3)CC2)c1,7gpw/B/74/B_v1,True,3a - 7gpw/B/202,3 - 7gpw/B/202/1,F1o - D68EV3CPROB-x0426/A/209/1,A1 - monomer,F1 - D68_3C_PROB,3a - 7gpw/B/202,3 - 7gpw/B/202/1,F1o - 0426/A/209,A1 - monomer,F1 - D68_3C_PROB,3a - 7gpw/B/202,3 - 7gpw/B/202/1,F1o - 0426/A/209,A1 - monomer,F1 - D68_3C_PROB,B0426a,False,True
B0436a,D68EV3CPROB-x0436_B_301_v1,D68EV3CPROB-x0436,ASAP-0017314-001,CNC(=O)Cc1ccc(-c2ccc3nnc(N)n3c2)cc1,7gp9/A/163/A_v1,True,1a - 7gp9/A/201,1 - 7gp9/A/201/1,F1e - D68EV3CPROB-x0436/B/301/1,A1 - monomer,F1 - D68_3C_PROB,1a - 7gp9/A/201,1 - 7gp9/A/201/1,F1e - 0436/B/301,A1 - monomer,F1 - D68_3C_PROB,1a - 7gp9/A/201,1 - 7gp9/A/201/1,F1e - 0436/B/301,A1 - monomer,F1 - D68_3C_PROB,B0436a,True,True
B0439a,D68EV3CPROB-x0439_B_301_v1,D68EV3CPROB-x0439,ASAP-0017346-001,CS(=O)(=O)Nc1cccc(-c2ccc3nnc(N)n3c2)c1,7gp9/A/163/A_v1,True,1a - 7gp9/A/201,1 - 7gp9/A/201/1,F1e - D68EV3CPROB-x0436/B/301/1,A1 - monomer,F1 - D68_3C_PROB,1a - 7gp9/A/201,1 - 7gp9/A/201/1,F1e - 0436/B/301,A1 - monomer,F1 - D68_3C_PROB,1a - 7gp9/A/201,1 - 7gp9/A/201/1,F1e - 0436/B/301,A1 - monomer,F1 - D68_3C_PROB,B0439a,True,True
B0446a,D68EV3CPROB-x0446_A_209_v1,D68EV3CPROB-x0446,ASAP-0017414-001,CN(Cc1ccccc1)C(=O)NCCn1cnnc1,7gp9/A/163/A_v1,True,1a - 7gp9/A/201,1 - 7gp9/A/201/1,F1f - D68EV3CPROB-x0446/A/209/1,A1 - monomer,F1 - D68_3C_PROB,1a - 7gp9/A/201,1 - 7gp9/A/201/1,F1f - 0446/A/209,A1 - monomer,F1 - D68_3C_PROB,1a - 7gp9/A/201,1 - 7gp9/A/201/1,F1f - 0446/A/209,A1 - monomer,F1 - D68_3C_PROB,B0446a,True,True
B0446b,D68EV3CPROB-x0446_B_207_v1,D68EV3CPROB-x0446,ASAP-0017414-001,CN(Cc1ccccc1)C(=O)NCCn1cnnc1,7gp9/A/163/A_v1,True,1a - 7gp9/A/201,1 - 7gp9/A/201/1,F1e - D68EV3CPROB-x0436/B/301/1,A1 - monomer,F1 - D68_3C_PROB,1a - 7gp9/A/201,1 - 7gp9/A/201/1,F1e - 0436/B/301,A1 - monomer,F1 - D68_3C_PROB,1a - 7gp9/A/201,1 - 7gp9/A/201/1,F1e - 0436/B/301,A1 - monomer,F1 - D68_3C_PROB,B0446a,False,True
B0450a,D68EV3CPROB-x0450_A_209_v1,D68EV3CPROB-x0450,ASAP-0017391-001,COc1ccc(-c2ccc3nnc(N)n3c2)cc1OC,7gp9/A/163/A_v1,True,1a - 7gp9/A/201,1 - 7gp9/A/201/1,F1f - D68EV3CPROB-x0446/A/209/1,A1 - monomer,F1 - D68_3C_PROB,1a - 7gp9/A/201,1 - 7gp9/A/201/1,F1f - 0446/A/209,A1 - monomer,F1 - D68_3C_PROB,1a - 7gp9/A/201,1 - 7gp9/A/201/1,F1f - 0446/A/209,A1 - monomer,F1 - D68_3C_PROB,B0450a,True,True
B0450b,D68EV3CPROB-x0450_B_301_v1,D68EV3CPROB-x0450,ASAP-0017391-001,COc1ccc(-c2ccc3nnc(N)n3c2)cc1OC,7gp9/A/163/A_v1,True,1a - 7gp9/A/201,1 - 7gp9/A/201/1,F1e - D68EV3CPROB-x0436/B/301/1,A1 - monomer,F1 - D68_3C_PROB,1a - 7gp9/A/201,1 - 7gp9/A/201/1,F1e - 0436/B/301,A1 - monomer,F1 - D68_3C_PROB,1a - 7gp9/A/201,1 - 7gp9/A/201/1,F1e - 0436/B/301,A1 - monomer,F1 - D68_3C_PROB,B0450a,False,True
B0454a,D68EV3CPROB-x0454_B_301_v1,D68EV3CPROB-x0454,ASAP-0017360-001,CN(Cc1ccccc1)C(=O)Cn1cnnc1,7gp9/A/163/A_v1,True,1a - 7gp9/A/201,1 - 7gp9/A/201/1,F1e - D68EV3CPROB-x0436/B/301/1,A1 - monomer,F1 - D68_3C_PROB,1a - 7gp9/A/201,1 - 7gp9/A/201/1,F1e - 0436/B/301,A1 - monomer,F1 - D68_3C_PROB,1a - 7gp9/A/201,1 - 7gp9/A/201/1,F1e - 0436/B/301,A1 - monomer,F1 - D68_3C_PROB,B0454a,True,True
B0454b,D68EV3CPROB-x0454_C_208_v1,D68EV3CPROB-x0454,ASAP-0017360-001,CN(Cc1ccccc1)C(=O)Cn1cnnc1,7gp9/A/163/A_v1,True,1a - 7gp9/A/201,1 - 7gp9/A/201/1,F1f - D68EV3CPROB-x0446/A/209/1,A1 - monomer,F1 - D68_3C_PROB,1a - 7gp9/A/201,1 - 7gp9/A/201/1,F1f - 0446/A/209,A1 - monomer,F1 - D68_3C_PROB,1a - 7gp9/A/201,1 - 7gp9/A/201/1,F1f - 0446/A/209,A1 - monomer,F1 - D68_3C_PROB,B0454a,False,True
B0455a,D68EV3CPROB-x0455_A_209_v1,D68EV3CPROB-x0455,ASAP-0017402-001,CNC(=O)c1ccc(-c2ccc3nnc(N)n3c2)cc1,7gp9/A/163/A_v1,True,1a - 7gp9/A/201,1 - 7gp9/A/201/1,F1e - D68EV3CPROB-x0436/B/301/1,A1 - monomer,F1 - D68_3C_PROB,1a - 7gp9/A/201,1 - 7gp9/A/201/1,F1e - 0436/B/301,A1 - monomer,F1 - D68_3C_PROB,1a - 7gp9/A/201,1 - 7gp9/A/201/1,F1e - 0436/B/301,A1 - monomer,F1 - D68_3C_PROB,B0455a,True,True
B0469a,D68EV3CPROB-x0469_A_209_v1,D68EV3CPROB-x0469,ASAP-0017460-001,O=C(Cc1cccc2c1OCO2)Nc1ccc(=O)[nH]c1,D68EV3CPROB-x0798/A/175/A_v1,True,6a - D68EV3CPROB-x0798/A/308,6 - D68EV3CPROB-x0798/A/308/1,F1v - D68EV3CPROB-x0469/A/209/1,A1 - monomer,F1 - D68_3C_PROB,6a - B0798/A/308,6 - B0798/A/308/1,F1v - B0469/A/209,A1 - monomer,F1 - D68_3C_PROB,6a - B0798/A/308,6 - B0798/A/308/1,F1v - B0469/A/209,A1 - monomer,F1 - D68_3C_PROB,B0469a,False,True
B0495a,D68EV3CPROB-x0495_A_401_v1,D68EV3CPROB-x0495,ASAP-0017486-001,CN(C)S(=O)(=O)[C@H]1CCN(Cc2conc2Br)C1,D68EV3CPROB-x1120/B/115/A_v1,True,5j - D68EV3CPROB-x1120/A/308,5 - D68EV3CPROB-x1120/A/308/1,F1s - D68EV3CPROB-x0495/A/401/1,A1 - monomer,F1 - D68_3C_PROB,5j - B1120/A/308,5 - B1120/A/308/1,F1s - B0495/A/401,A1 - monomer,F1 - D68_3C_PROB,5j - B1120/A/308,5 - B1120/A/308/1,F1s - B0495/A/401,A1 - monomer,F1 - D68_3C_PROB,B0495a,False,True
B0513a,D68EV3CPROB-x0513_A_308_v1,D68EV3CPROB-x0513,ASAP-0017660-001,FC(F)(F)Oc1cccc([C@H]2CN(c3cccc4nncn34)CCO2)c1,7gpw/B/74/B_v1,True,3a - 7gpw/B/202,3 - 7gpw/B/202/1,F1o - D68EV3CPROB-x0426/A/209/1,A1 - monomer,F1 - D68_3C_PROB,3a - 7gpw/B/202,3 - 7gpw/B/202/1,F1o - 0426/A/209,A1 - monomer,F1 - D68_3C_PROB,3a - 7gpw/B/202,3 - 7gpw/B/202/1,F1o - 0426/A/209,A1 - monomer,F1 - D68_3C_PROB,B0513a,False,True
B0517a,D68EV3CPROB-x0517_A_209_v1,D68EV3CPROB-x0517,ASAP-0017616-001,O=C(Cn1ccc(=O)[nH]c1=O)NCc1ccccc1,D68EV3CPROB-x0517/A/142/A_v1,True,11b - D68EV3CPROB-x0517/A/209,11 - D68EV3CPROB-x0517/A/209/1,F1ah - D68EV3CPROB-x0517/A/209/1,A1 - monomer,F1 - D68_3C_PROB,11b - B0517/A/209,11 - B0517/A/209/1,F1ah - B0517/A/209,A1 - monomer,F1 - D68_3C_PROB,11b - B0517/A/209,11 - B0517/A/209/1,F1ah - B0517/A/209,A1 - monomer,F1 - D68_3C_PROB,B0517a,False,True
B0525a,D68EV3CPROB-x0525_A_209_v1,D68EV3CPROB-x0525,ASAP-0017655-001,O=C(Cn1cnnc1)N1CCC[C@H](c2ccc(CO)cc2)C1,7gp9/A/163/A_v1,True,1a - 7gp9/A/201,1 - 7gp9/A/201/1,F1f - D68EV3CPROB-x0446/A/209/1,A1 - monomer,F1 - D68_3C_PROB,1a - 7gp9/A/201,1 - 7gp9/A/201/1,F1f - 0446/A/209,A1 - monomer,F1 - D68_3C_PROB,1a - 7gp9/A/201,1 - 7gp9/A/201/1,F1f - 0446/A/209,A1 - monomer,F1 - D68_3C_PROB,B0525a,True,True
B0525b,D68EV3CPROB-x0525_B_301_v1,D68EV3CPROB-x0525,ASAP-0017655-001,O=C(Cn1cnnc1)N1CCC[C@H](c2ccc(CO)cc2)C1,7gp9/A/163/A_v1,True,1a - 7gp9/A/201,1 - 7gp9/A/201/1,F1e - D68EV3CPROB-x0436/B/301/1,A1 - monomer,F1 - D68_3C_PROB,1a - 7gp9/A/201,1 - 7gp9/A/201/1,F1e - 0436/B/301,A1 - monomer,F1 - D68_3C_PROB,1a - 7gp9/A/201,1 - 7gp9/A/201/1,F1e - 0436/B/301,A1 - monomer,F1 - D68_3C_PROB,B0525a,False,True
B0541a,D68EV3CPROB-x0541_A_308_v1,D68EV3CPROB-x0541,ASAP-0017648-001,CS(=O)(=O)c1ccc([C@H]2CN(c3cccc4nncn34)CCO2)cc1,7gpw/B/74/B_v1,True,3a - 7gpw/B/202,3 - 7gpw/B/202/1,F1o - D68EV3CPROB-x0426/A/209/1,A1 - monomer,F1 - D68_3C_PROB,3a - 7gpw/B/202,3 - 7gpw/B/202/1,F1o - 0426/A/209,A1 - monomer,F1 - D68_3C_PROB,3a - 7gpw/B/202,3 - 7gpw/B/202/1,F1o - 0426/A/209,A1 - monomer,F1 - D68_3C_PROB,B0541a,False,True
B0691a,D68EV3CPROB-x0691_B_207_v1,D68EV3CPROB-x0691,ASAP-0020997-001,O=S1(=O)[C@H](c2ccccc2)CCN1c1cccc2nncn12,7gp9/A/163/A_v1,True,1a - 7gp9/A/201,1 - 7gp9/A/201/1,F1e - D68EV3CPROB-x0436/B/301/1,A1 - monomer,F1 - D68_3C_PROB,1a - 7gp9/A/201,1 - 7gp9/A/201/1,F1e - 0436/B/301,A1 - monomer,F1 - D68_3C_PROB,1a - 7gp9/A/201,1 - 7gp9/A/201/1,F1e - 0436/B/301,A1 - monomer,F1 - D68_3C_PROB,B0691a,True,True
B0691b,D68EV3CPROB-x0691_A_301_v1,D68EV3CPROB-x0691,ASAP-0020997-001,O=S1(=O)[C@H](c2ccccc2)CCN1c1cccc2nncn12,D68EV3CPROB-x0517/A/142/A_v1,True,11c - D68EV3CPROB-x0691/A/301,11 - D68EV3CPROB-x0517/A/209/1,F1ah - D68EV3CPROB-x0517/A/209/1,A1 - monomer,F1 - D68_3C_PROB,11c - B0691/A/301,11 - B0517/A/209/1,F1ah - B0517/A/209,A1 - monomer,F1 - D68_3C_PROB,11c - B0691/A/301,11 - B0517/A/209/1,F1ah - B0517/A/209,A1 - monomer,F1 - D68_3C_PROB,B0691b,False,True
B0693a,D68EV3CPROB-x0693_A_209_v1,D68EV3CPROB-x0693,ASAP-0020968-001,O=C(Cc1ccn[nH]1)Nc1cccc2c1CCNC2,7gon/B/47/B_v1,True,2a - 7gon/B/201,2 - 7gon/B/201/1,F1k - D68EV3CPROB-x0693/A/209/1,A1 - monomer,F1 - D68_3C_PROB,2a - 7gon/B/201,2 - 7gon/B/201/1,F1k - 0693/A/209,A1 - monomer,F1 - D68_3C_PROB,2a - 7gon/B/201,2 - 7gon/B/201/1,F1k - 0693/A/209,A1 - monomer,F1 - D68_3C_PROB,B0693a,False,True
B0723a,D68EV3CPROB-x0723_A_401_v1,D68EV3CPROB-x0723,ASAP-0023152-001,c1ccc(-c2nnc(CNCc3cccc4nncn34)[nH]2)cc1,7gp9/A/163/A_v1,True,1a - 7gp9/A/201,1 - 7gp9/A/201/1,F1f - D68EV3CPROB-x0446/A/209/1,A1 - monomer,F1 - D68_3C_PROB,1a - 7gp9/A/201,1 - 7gp9/A/201/1,F1f - 0446/A/209,A1 - monomer,F1 - D68_3C_PROB,1a - 7gp9/A/201,1 - 7gp9/A/201/1,F1f - 0446/A/209,A1 - monomer,F1 - D68_3C_PROB,B0723a,True,True
B0738a,D68EV3CPROB-x0738_A_308_v1,D68EV3CPROB-x0738,ASAP-0023167-001,c1c[nH]c(-c2nnc(Sc3cccc4nncn34)o2)c1,7gp9/A/163/A_v1,True,1a - 7gp9/A/201,1 - 7gp9/A/201/1,F1f - D68EV3CPROB-x0446/A/209/1,A1 - monomer,F1 - D68_3C_PROB,1a - 7gp9/A/201,1 - 7gp9/A/201/1,F1f - 0446/A/209,A1 - monomer,F1 - D68_3C_PROB,1a - 7gp9/A/201,1 - 7gp9/A/201/1,F1f - 0446/A/209,A1 - monomer,F1 - D68_3C_PROB,B0738a,True,True
B0738b,D68EV3CPROB-x0738_B_207_v1,D68EV3CPROB-x0738,ASAP-0023167-001,c1c[nH]c(-c2nnc(Sc3cccc4nncn34)o2)c1,7gp9/A/163/A_v1,True,1a - 7gp9/A/201,1 - 7gp9/A/201/1,F1e - D68EV3CPROB-x0436/B/301/1,A1 - monomer,F1 - D68_3C_PROB,1a - 7gp9/A/201,1 - 7gp9/A/201/1,F1e - 0436/B/301,A1 - monomer,F1 - D68_3C_PROB,1a - 7gp9/A/201,1 - 7gp9/A/201/1,F1e - 0436/B/301,A1 - monomer,F1 - D68_3C_PROB,B0738a,False,True
B0742a,D68EV3CPROB-x0742_A_308_v1,D68EV3CPROB-x0742,ASAP-0023171-001,c1ccc(-c2nnc(Nc3cccc4nncn34)[nH]2)cc1,7gp9/A/163/A_v1,True,1a - 7gp9/A/201,1 - 7gp9/A/201/1,F1e - D68EV3CPROB-x0436/B/301/1,A1 - monomer,F1 - D68_3C_PROB,1a - 7gp9/A/201,1 - 7gp9/A/201/1,F1e - 0436/B/301,A1 - monomer,F1 - D68_3C_PROB,1a - 7gp9/A/201,1 - 7gp9/A/201/1,F1e - 0436/B/301,A1 - monomer,F1 - D68_3C_PROB,B0742a,True,True
B0798a,D68EV3CPROB-x0798_A_308_v1,D68EV3CPROB-x0798,ASAP-0021114-001,O=c1[nH]c2ccccc2c(=O)n1Cc1ccncc1,D68EV3CPROB-x0798/A/175/A_v1,True,6a - D68EV3CPROB-x0798/A/308,6 - D68EV3CPROB-x0798/A/308/1,F1v - D68EV3CPROB-x0469/A/209/1,A1 - monomer,F1 - D68_3C_PROB,6a - B0798/A/308,6 - B0798/A/308/1,F1v - B0469/A/209,A1 - monomer,F1 - D68_3C_PROB,6a - B0798/A/308,6 - B0798/A/308/1,F1v - B0469/A/209,A1 - monomer,F1 - D68_3C_PROB,B0798a,False,True
B0805a,D68EV3CPROB-x0805_A_301_v1,D68EV3CPROB-x0805,ASAP-0021123-001,O=S1(=O)[C@H](c2ccccc2)CCCN1c1cccc2nncn12,7gp9/A/163/A_v1,True,1a - 7gp9/A/201,1 - 7gp9/A/201/1,F1f - D68EV3CPROB-x0446/A/209/1,A1 - monomer,F1 - D68_3C_PROB,1a - 7gp9/A/201,1 - 7gp9/A/201/1,F1f - 0446/A/209,A1 - monomer,F1 - D68_3C_PROB,1a - 7gp9/A/201,1 - 7gp9/A/201/1,F1f - 0446/A/209,A1 - monomer,F1 - D68_3C_PROB,B0805a,True,True
B0805b,D68EV3CPROB-x0805_B_301_v1,D68EV3CPROB-x0805,ASAP-0021123-001,O=S1(=O)[C@H](c2ccccc2)CCCN1c1cccc2nncn12,7gp9/A/163/A_v1,True,1a - 7gp9/A/201,1 - 7gp9/A/201/1,F1e - D68EV3CPROB-x0436/B/301/1,A1 - monomer,F1 - D68_3C_PROB,1a - 7gp9/A/201,1 - 7gp9/A/201/1,F1e - 0436/B/301,A1 - monomer,F1 - D68_3C_PROB,1a - 7gp9/A/201,1 - 7gp9/A/201/1,F1e - 0436/B/301,A1 - monomer,F1 - D68_3C_PROB,B0805a,False,True
B0839a,D68EV3CPROB-x0839_A_308_v1,D68EV3CPROB-x0839,ASAP-0021139-001,NCc1ocnc1C(=O)Nc1c[nH]c(=O)c2ccccc12,7gp9/A/163/A_v1,True,1a - 7gp9/A/201,1 - 7gp9/A/201/1,F1h - D68EV3CPROB-x1020/A/308/1,A1 - monomer,F1 - D68_3C_PROB,1a - 7gp9/A/201,1 - 7gp9/A/201/1,F1h - 1020/A/308,A1 - monomer,F1 - D68_3C_PROB,1a - 7gp9/A/201,1 - 7gp9/A/201/1,F1h - 1020/A/308,A1 - monomer,F1 - D68_3C_PROB,B0839a,True,True
B0839b,D68EV3CPROB-x0839_B_207_v1,D68EV3CPROB-x0839,ASAP-0021139-001,NCc1ocnc1C(=O)Nc1c[nH]c(=O)c2ccccc12,7gp9/A/163/A_v1,True,1a - 7gp9/A/201,1 - 7gp9/A/201/1,F1g - D68EV3CPROB-x0839/B/207/1,A1 - monomer,F1 - D68_3C_PROB,1a - 7gp9/A/201,1 - 7gp9/A/201/1,F1g - 0839/B/207,A1 - monomer,F1 - D68_3C_PROB,1a - 7gp9/A/201,1 - 7gp9/A/201/1,F1g - 0839/B/207,A1 - monomer,F1 - D68_3C_PROB,B0839a,False,True
B0857a,D68EV3CPROB-x0857_A_308_v1,D68EV3CPROB-x0857,ASAP-0021402-001,Nc1nnc2ccc(-c3cnccn3)cn12,7gp9/A/163/A_v1,True,1a - 7gp9/A/201,1 - 7gp9/A/201/1,F1f - D68EV3CPROB-x0446/A/209/1,A1 - monomer,F1 - D68_3C_PROB,1a - 7gp9/A/201,1 - 7gp9/A/201/1,F1f - 0446/A/209,A1 - monomer,F1 - D68_3C_PROB,1a - 7gp9/A/201,1 - 7gp9/A/201/1,F1f - 0446/A/209,A1 - monomer,F1 - D68_3C_PROB,B0857a,True,True
B0857b,D68EV3CPROB-x0857_B_207_v1,D68EV3CPROB-x0857,ASAP-0021402-001,Nc1nnc2ccc(-c3cnccn3)cn12,7gp9/A/163/A_v1,True,1a - 7gp9/A/201,1 - 7gp9/A/201/1,F1e - D68EV3CPROB-x0436/B/301/1,A1 - monomer,F1 - D68_3C_PROB,1a - 7gp9/A/201,1 - 7gp9/A/201/1,F1e - 0436/B/301,A1 - monomer,F1 - D68_3C_PROB,1a - 7gp9/A/201,1 - 7gp9/A/201/1,F1e - 0436/B/301,A1 - monomer,F1 - D68_3C_PROB,B0857a,False,True
B0875a,D68EV3CPROB-x0875_B_301_v1,D68EV3CPROB-x0875,ASAP-0021531-001,O=C(Nc1cn[nH]c1)Nc1cccc2nncn12,7gp9/A/163/A_v1,True,1a - 7gp9/A/201,1 - 7gp9/A/201/1,F1e - D68EV3CPROB-x0436/B/301/1,A1 - monomer,F1 - D68_3C_PROB,1a - 7gp9/A/201,1 - 7gp9/A/201/1,F1e - 0436/B/301,A1 - monomer,F1 - D68_3C_PROB,1a - 7gp9/A/201,1 - 7gp9/A/201/1,F1e - 0436/B/301,A1 - monomer,F1 - D68_3C_PROB,B0875a,True,True
B0875b,D68EV3CPROB-x0875_C_208_v1,D68EV3CPROB-x0875,ASAP-0021531-001,O=C(Nc1cn[nH]c1)Nc1cccc2nncn12,7gp9/A/163/A_v1,True,1a - 7gp9/A/201,1 - 7gp9/A/201/1,F1f - D68EV3CPROB-x0446/A/209/1,A1 - monomer,F1 - D68_3C_PROB,1a - 7gp9/A/201,1 - 7gp9/A/201/1,F1f - 0446/A/209,A1 - monomer,F1 - D68_3C_PROB,1a - 7gp9/A/201,1 - 7gp9/A/201/1,F1f - 0446/A/209,A1 - monomer,F1 - D68_3C_PROB,B0875a,False,True
B0878b,D68EV3CPROB-x0878_A_309_v1,D68EV3CPROB-x0878,ASAP-0021547-001,O=C(CC1(c2ccon2)CNC1)Nc1c[nH]c(=O)c2ccccc12,D68EV3CPROB-x0878/A/97/A_v1,True,31a - D68EV3CPROB-x0878/A/309,31 - D68EV3CPROB-x0878/A/309/1,F1bb - D68EV3CPROB-x0878/A/309/1,A1 - monomer,F1 - D68_3C_PROB,31a - B0878/A/309,31 - B0878/A/309/1,F1bb - B0878/A/309,A1 - monomer,F1 - D68_3C_PROB,31a - B0878/A/309,31 - B0878/A/309/1,F1bb - B0878/A/309,A1 - monomer,F1 - D68_3C_PROB,B0878b,False,True
B0878a,D68EV3CPROB-x0878_B_301_v1,D68EV3CPROB-x0878,ASAP-0021547-001,O=C(CC1(c2ccon2)CNC1)Nc1c[nH]c(=O)c2ccccc12,D68EV3CPROB-x1120/B/115/A_v1,True,5j - D68EV3CPROB-x1120/A/308,5 - D68EV3CPROB-x1120/A/308/1,F1t - D68EV3CPROB-x0878/B/301/1,A1 - monomer,F1 - D68_3C_PROB,5j - B1120/A/308,5 - B1120/A/308/1,F1t - B0878/B/301,A1 - monomer,F1 - D68_3C_PROB,5j - B1120/A/308,5 - B1120/A/308/1,F1t - B0878/B/301,A1 - monomer,F1 - D68_3C_PROB,B0878a,False,True
B0914a,D68EV3CPROB-x0914_A_308_v1,D68EV3CPROB-x0914,ASAP-0022552-001,C=CCn1c(Sc2cccc3nncn23)nnc1-c1cccnc1,7gp9/A/163/A_v1,True,1a - 7gp9/A/201,1 - 7gp9/A/201/1,F1e - D68EV3CPROB-x0436/B/301/1,A1 - monomer,F1 - D68_3C_PROB,1a - 7gp9/A/201,1 - 7gp9/A/201/1,F1e - 0436/B/301,A1 - monomer,F1 - D68_3C_PROB,1a - 7gp9/A/201,1 - 7gp9/A/201/1,F1e - 0436/B/301,A1 - monomer,F1 - D68_3C_PROB,B0914a,True,True
B0914b,D68EV3CPROB-x0914_A_309_v1,D68EV3CPROB-x0914,ASAP-0022552-001,C=CCn1c(Sc2cccc3nncn23)nnc1-c1cccnc1,7gp9/A/163/A_v1,True,1a - 7gp9/A/201,1 - 7gp9/A/201/1,F1f - D68EV3CPROB-x0446/A/209/1,A1 - monomer,F1 - D68_3C_PROB,1a - 7gp9/A/201,1 - 7gp9/A/201/1,F1f - 0446/A/209,A1 - monomer,F1 - D68_3C_PROB,1a - 7gp9/A/201,1 - 7gp9/A/201/1,F1f - 0446/A/209,A1 - monomer,F1 - D68_3C_PROB,B0914a,False,True
B0923a,D68EV3CPROB-x0923_A_308_v1,D68EV3CPROB-x0923,,missing,7gp9/A/163/A_v1,True,1a - 7gp9/A/201,1 - 7gp9/A/201/1,F1f - D68EV3CPROB-x0446/A/209/1,A1 - monomer,F1 - D68_3C_PROB,1a - 7gp9/A/201,1 - 7gp9/A/201/1,F1f - 0446/A/209,A1 - monomer,F1 - D68_3C_PROB,1a - 7gp9/A/201,1 - 7gp9/A/201/1,F1f - 0446/A/209,A1 - monomer,F1 - D68_3C_PROB,,False,True
B0923b,D68EV3CPROB-x0923_B_301_v1,D68EV3CPROB-x0923,,missing,7gp9/A/163/A_v1,True,1a - 7gp9/A/201,1 - 7gp9/A/201/1,F1g - D68EV3CPROB-x0839/B/207/1,A1 - monomer,F1 - D68_3C_PROB,1a - 7gp9/A/201,1 - 7gp9/A/201/1,F1g - 0839/B/207,A1 - monomer,F1 - D68_3C_PROB,1a - 7gp9/A/201,1 - 7gp9/A/201/1,F1g - 0839/B/207,A1 - monomer,F1 - D68_3C_PROB,,False,True
B0923c,D68EV3CPROB-x0923_B_401_v1,D68EV3CPROB-x0923,,missing,7gpw/B/74/B_v1,True,3a - 7gpw/B/202,3 - 7gpw/B/202/1,F1o - D68EV3CPROB-x0426/A/209/1,A1 - monomer,F1 - D68_3C_PROB,3a - 7gpw/B/202,3 - 7gpw/B/202/1,F1o - 0426/A/209,A1 - monomer,F1 - D68_3C_PROB,3a - 7gpw/B/202,3 - 7gpw/B/202/1,F1o - 0426/A/209,A1 - monomer,F1 - D68_3C_PROB,,False,True
B0925a,D68EV3CPROB-x0925_A_308_v1,D68EV3CPROB-x0925,,missing,7gp9/A/163/A_v1,True,1a - 7gp9/A/201,1 - 7gp9/A/201/1,F1f - D68EV3CPROB-x0446/A/209/1,A1 - monomer,F1 - D68_3C_PROB,1a - 7gp9/A/201,1 - 7gp9/A/201/1,F1f - 0446/A/209,A1 - monomer,F1 - D68_3C_PROB,1a - 7gp9/A/201,1 - 7gp9/A/201/1,F1f - 0446/A/209,A1 - monomer,F1 - D68_3C_PROB,,False,True
B0931a,D68EV3CPROB-x0931_A_308_v1,D68EV3CPROB-x0931,ASAP-0023057-001,c1cc(SCc2ccncc2)n2cnnc2c1,7gp9/A/163/A_v1,True,1a - 7gp9/A/201,1 - 7gp9/A/201/1,F1f - D68EV3CPROB-x0446/A/209/1,A1 - monomer,F1 - D68_3C_PROB,1a - 7gp9/A/201,1 - 7gp9/A/201/1,F1f - 0446/A/209,A1 - monomer,F1 - D68_3C_PROB,1a - 7gp9/A/201,1 - 7gp9/A/201/1,F1f - 0446/A/209,A1 - monomer,F1 - D68_3C_PROB,B0931a,True,True
B0931b,D68EV3CPROB-x0931_B_207_v1,D68EV3CPROB-x0931,ASAP-0023057-001,c1cc(SCc2ccncc2)n2cnnc2c1,7gp9/A/163/A_v1,True,1a - 7gp9/A/201,1 - 7gp9/A/201/1,F1e - D68EV3CPROB-x0436/B/301/1,A1 - monomer,F1 - D68_3C_PROB,1a - 7gp9/A/201,1 - 7gp9/A/201/1,F1e - 0436/B/301,A1 - monomer,F1 - D68_3C_PROB,1a - 7gp9/A/201,1 - 7gp9/A/201/1,F1e - 0436/B/301,A1 - monomer,F1 - D68_3C_PROB,B0931a,False,True
B0938a,D68EV3CPROB-x0938_A_308_v1,D68EV3CPROB-x0938,ASAP-0022650-001,O=c1[nH]c(Sc2cccc3nncn23)nc2ccsc12,7gp9/A/163/A_v1,True,1a - 7gp9/A/201,1 - 7gp9/A/201/1,F1e - D68EV3CPROB-x0436/B/301/1,A1 - monomer,F1 - D68_3C_PROB,1a - 7gp9/A/201,1 - 7gp9/A/201/1,F1e - 0436/B/301,A1 - monomer,F1 - D68_3C_PROB,1a - 7gp9/A/201,1 - 7gp9/A/201/1,F1e - 0436/B/301,A1 - monomer,F1 - D68_3C_PROB,B0938a,True,True
B0938b,D68EV3CPROB-x0938_A_401_v1,D68EV3CPROB-x0938,ASAP-0022650-001,O=c1[nH]c(Sc2cccc3nncn23)nc2ccsc12,7gp9/A/163/A_v1,True,1a - 7gp9/A/201,1 - 7gp9/A/201/1,F1f - D68EV3CPROB-x0446/A/209/1,A1 - monomer,F1 - D68_3C_PROB,1a - 7gp9/A/201,1 - 7gp9/A/201/1,F1f - 0446/A/209,A1 - monomer,F1 - D68_3C_PROB,1a - 7gp9/A/201,1 - 7gp9/A/201/1,F1f - 0446/A/209,A1 - monomer,F1 - D68_3C_PROB,B0938a,False,True
B1020a,D68EV3CPROB-x1020_A_308_v1,D68EV3CPROB-x1020,ASAP-0023178-001,O=S(=O)(N1CCNCC1)N1CCc2nn[nH]c2C1,7gp9/A/163/A_v1,True,1a - 7gp9/A/201,1 - 7gp9/A/201/1,F1h - D68EV3CPROB-x1020/A/308/1,A1 - monomer,F1 - D68_3C_PROB,1a - 7gp9/A/201,1 - 7gp9/A/201/1,F1h - 1020/A/308,A1 - monomer,F1 - D68_3C_PROB,1a - 7gp9/A/201,1 - 7gp9/A/201/1,F1h - 1020/A/308,A1 - monomer,F1 - D68_3C_PROB,B1020a,True,True
B1033a,D68EV3CPROB-x1033_A_308_v1,D68EV3CPROB-x1033,ASAP-0023191-001,O=S(=O)(Nc1ccc2c(c1)OCC2)N1CCNCC1,7gpw/B/74/B_v1,True,3a - 7gpw/B/202,3 - 7gpw/B/202/1,F1o - D68EV3CPROB-x0426/A/209/1,A1 - monomer,F1 - D68_3C_PROB,3a - 7gpw/B/202,3 - 7gpw/B/202/1,F1o - 0426/A/209,A1 - monomer,F1 - D68_3C_PROB,3a - 7gpw/B/202,3 - 7gpw/B/202/1,F1o - 0426/A/209,A1 - monomer,F1 - D68_3C_PROB,B1033a,False,True
B1033b,D68EV3CPROB-x1033_A_309_v1,D68EV3CPROB-x1033,ASAP-0023191-001,O=S(=O)(Nc1ccc2c(c1)OCC2)N1CCNCC1,D68EV3CPROB-x0798/A/175/A_v1,True,6a - D68EV3CPROB-x0798/A/308,6 - D68EV3CPROB-x0798/A/308/1,F1v - D68EV3CPROB-x0469/A/209/1,A1 - monomer,F1 - D68_3C_PROB,6a - B0798/A/308,6 - B0798/A/308/1,F1v - B0469/A/209,A1 - monomer,F1 - D68_3C_PROB,6a - B0798/A/308,6 - B0798/A/308/1,F1v - B0469/A/209,A1 - monomer,F1 - D68_3C_PROB,B1033b,False,True
B1035a,D68EV3CPROB-x1035_A_308_v1,D68EV3CPROB-x1035,ASAP-0023307-001,O=C1NCc2cc(OS(=O)(=O)F)ccc21,D68EV3CPROB-x1035/B/138/A_v1,True,12a - D68EV3CPROB-x1035/A/308,12 - D68EV3CPROB-x1035/A/308/1,F1ai - D68EV3CPROB-x1035/A/308/1,A1 - monomer,F1 - D68_3C_PROB,12a - B1035/A/308,12 - B1035/A/308/1,F1ai - B1035/A/308,A1 - monomer,F1 - D68_3C_PROB,12a - B1035/A/308,12 - B1035/A/308/1,F1ai - B1035/A/308,A1 - monomer,F1 - D68_3C_PROB,B1035a,False,True
B1081a,D68EV3CPROB-x1081_A_308_v1,D68EV3CPROB-x1081,ASAP-0023346-001,COc1cc2c(cc1OS(=O)(=O)F)C(=O)NCCC2,D68EV3CPROB-x1081/B/91/A_v1,True,7a - D68EV3CPROB-x1081/A/308,7 - D68EV3CPROB-x1081/A/308/1,F1aa - D68EV3CPROB-x1081/A/308/1,A1 - monomer,F1 - D68_3C_PROB,7a - B1081/A/308,7 - B1081/A/308/1,F1aa - B1081/A/308,A1 - monomer,F1 - D68_3C_PROB,7a - B1081/A/308,7 - B1081/A/308/1,F1aa - B1081/A/308,A1 - monomer,F1 - D68_3C_PROB,B1081a,False,True
B1120a,D68EV3CPROB-x1120_A_308_v1,D68EV3CPROB-x1120,ASAP-0027572-001,O=S(=O)(NCCc1cc[nH]n1)N1CCNCC1,D68EV3CPROB-x1120/B/115/A_v1,True,5j - D68EV3CPROB-x1120/A/308,5 - D68EV3CPROB-x1120/A/308/1,F1u - D68EV3CPROB-x1120/A/308/1,A1 - monomer,F1 - D68_3C_PROB,5j - B1120/A/308,5 - B1120/A/308/1,F1u - B1120/A/308,A1 - monomer,F1 - D68_3C_PROB,5j - B1120/A/308,5 - B1120/A/308/1,F1u - B1120/A/308,A1 - monomer,F1 - D68_3C_PROB,B1120a,False,True
B1157a,D68EV3CPROB-x1157_A_401_v1,D68EV3CPROB-x1157,ASAP-0004509-002,O=C(CCl)NCc1ccc2cc[nH]c2n1,D68EV3CPROB-x0798/A/175/A_v1,True,6a - D68EV3CPROB-x0798/A/308,6 - D68EV3CPROB-x0798/A/308/1,F1v - D68EV3CPROB-x0469/A/209/1,A1 - monomer,F1 - D68_3C_PROB,6a - B0798/A/308,6 - B0798/A/308/1,F1v - B0469/A/209,A1 - monomer,F1 - D68_3C_PROB,6a - B0798/A/308,6 - B0798/A/308/1,F1v - B0469/A/209,A1 - monomer,F1 - D68_3C_PROB,B1157a,False,True
B1158a,D68EV3CPROB-x1158_A_308_v1,D68EV3CPROB-x1158,,missing,7gp9/A/163/A_v1,True,1a - 7gp9/A/201,1 - 7gp9/A/201/1,F1f - D68EV3CPROB-x0446/A/209/1,A1 - monomer,F1 - D68_3C_PROB,1a - 7gp9/A/201,1 - 7gp9/A/201/1,F1f - 0446/A/209,A1 - monomer,F1 - D68_3C_PROB,1a - 7gp9/A/201,1 - 7gp9/A/201/1,F1f - 0446/A/209,A1 - monomer,F1 - D68_3C_PROB,,False,True
B1158b,D68EV3CPROB-x1158_B_207_v1,D68EV3CPROB-x1158,,missing,7gp9/A/163/A_v1,True,1a - 7gp9/A/201,1 - 7gp9/A/201/1,F1e - D68EV3CPROB-x0436/B/301/1,A1 - monomer,F1 - D68_3C_PROB,1a - 7gp9/A/201,1 - 7gp9/A/201/1,F1e - 0436/B/301,A1 - monomer,F1 - D68_3C_PROB,1a - 7gp9/A/201,1 - 7gp9/A/201/1,F1e - 0436/B/301,A1 - monomer,F1 - D68_3C_PROB,,False,True
B1159a,D68EV3CPROB-x1159_A_401_v1,D68EV3CPROB-x1159,,missing,7gp9/A/163/A_v1,True,1a - 7gp9/A/201,1 - 7gp9/A/201/1,F1h - D68EV3CPROB-x1020/A/308/1,A1 - monomer,F1 - D68_3C_PROB,1a - 7gp9/A/201,1 - 7gp9/A/201/1,F1h - 1020/A/308,A1 - monomer,F1 - D68_3C_PROB,1a - 7gp9/A/201,1 - 7gp9/A/201/1,F1h - 1020/A/308,A1 - monomer,F1 - D68_3C_PROB,,False,True
B1159c,D68EV3CPROB-x1159_B_301_v1,D68EV3CPROB-x1159,ASAP-0004623-002,O=C(CCl)NC1(c2n[nH]c(-c3cccs3)n2)CCC1,7gp9/A/163/A_v1,True,1a - 7gp9/A/201,1 - 7gp9/A/201/1,F1g - D68EV3CPROB-x0839/B/207/1,A1 - monomer,F1 - D68_3C_PROB,1a - 7gp9/A/201,1 - 7gp9/A/201/1,F1g - 0839/B/207,A1 - monomer,F1 - D68_3C_PROB,1a - 7gp9/A/201,1 - 7gp9/A/201/1,F1g - 0839/B/207,A1 - monomer,F1 - D68_3C_PROB,B1159c,False,True
B1159b,D68EV3CPROB-x1159_A_308_v1,D68EV3CPROB-x1159,ASAP-0004623-002,O=C(CCl)NC1(c2n[nH]c(-c3cccs3)n2)CCC1,D68EV3CPROB-x0798/A/175/A_v1,True,6a - D68EV3CPROB-x0798/A/308,6 - D68EV3CPROB-x0798/A/308/1,F1w - D68EV3CPROB-x1159/A/308/1,A1 - monomer,F1 - D68_3C_PROB,6a - B0798/A/308,6 - B0798/A/308/1,F1w - B1159/A/308,A1 - monomer,F1 - D68_3C_PROB,6a - B0798/A/308,6 - B0798/A/308/1,F1w - B1159/A/308,A1 - monomer,F1 - D68_3C_PROB,B1159b,False,True
B1169a,D68EV3CPROB-x1169_A_308_v1,D68EV3CPROB-x1169,ASAP-0008227-010,O=C(CCl)N1CCc2sccc2C1,7gp9/A/163/A_v1,True,1a - 7gp9/A/201,1 - 7gp9/A/201/1,F1f - D68EV3CPROB-x0446/A/209/1,A1 - monomer,F1 - D68_3C_PROB,1a - 7gp9/A/201,1 - 7gp9/A/201/1,F1f - 0446/A/209,A1 - monomer,F1 - D68_3C_PROB,1a - 7gp9/A/201,1 - 7gp9/A/201/1,F1f - 0446/A/209,A1 - monomer,F1 - D68_3C_PROB,B1169a,False,True
B1169b,D68EV3CPROB-x1169_A_309_v1,D68EV3CPROB-x1169,ASAP-0008227-010,O=C(CCl)N1CCc2sccc2C1,D68EV3CPROB-x1081/B/91/A_v1,True,7a - D68EV3CPROB-x1081/A/308,7 - D68EV3CPROB-x1081/A/308/1,F1ab - D68EV3CPROB-x1169/A/309/1,A1 - monomer,F1 - D68_3C_PROB,7a - B1081/A/308,7 - B1081/A/308/1,F1ab - B1169/A/309,A1 - monomer,F1 - D68_3C_PROB,7a - B1081/A/308,7 - B1081/A/308/1,F1ab - B1169/A/309,A1 - monomer,F1 - D68_3C_PROB,B1169b,False,True
B1170a,D68EV3CPROB-x1170_A_308_v1,D68EV3CPROB-x1170,ASAP-0000912-002,O=C(Nc1ccc(N2CCOCC2)nc1)[C@@H](F)Cl,7gpw/B/74/B_v1,True,3a - 7gpw/B/202,3 - 7gpw/B/202/1,F1o - D68EV3CPROB-x0426/A/209/1,A1 - monomer,F1 - D68_3C_PROB,3a - 7gpw/B/202,3 - 7gpw/B/202/1,F1o - 0426/A/209,A1 - monomer,F1 - D68_3C_PROB,3a - 7gpw/B/202,3 - 7gpw/B/202/1,F1o - 0426/A/209,A1 - monomer,F1 - D68_3C_PROB,B1170a,False,True
B1219a,D68EV3CPROB-x1219_A_310_v1,D68EV3CPROB-x1219,ASAP-0027840-001,Fc1ccc2nc(Sc3cccc4nncn34)[nH]c2c1,7gp9/A/163/A_v1,True,1a - 7gp9/A/201,1 - 7gp9/A/201/1,F1f - D68EV3CPROB-x0446/A/209/1,A1 - monomer,F1 - D68_3C_PROB,1a - 7gp9/A/201,1 - 7gp9/A/201/1,F1f - 0446/A/209,A1 - monomer,F1 - D68_3C_PROB,1a - 7gp9/A/201,1 - 7gp9/A/201/1,F1f - 0446/A/209,A1 - monomer,F1 - D68_3C_PROB,B1219a,True,True
B1219b,D68EV3CPROB-x1219_A_308_v1,D68EV3CPROB-x1219,ASAP-0027840-001,Fc1ccc2nc(Sc3cccc4nncn34)[nH]c2c1,7gpw/B/74/B_v1,True,3a - 7gpw/B/202,3 - 7gpw/B/202/1,F1o - D68EV3CPROB-x0426/A/209/1,A1 - monomer,F1 - D68_3C_PROB,3a - 7gpw/B/202,3 - 7gpw/B/202/1,F1o - 0426/A/209,A1 - monomer,F1 - D68_3C_PROB,3a - 7gpw/B/202,3 - 7gpw/B/202/1,F1o - 0426/A/209,A1 - monomer,F1 - D68_3C_PROB,B1219b,False,True
B1219c,D68EV3CPROB-x1219_A_309_v1,D68EV3CPROB-x1219,ASAP-0027840-001,Fc1ccc2nc(Sc3cccc4nncn34)[nH]c2c1,7gpw/B/74/B_v1,True,3a - 7gpw/B/202,3 - 7gpw/B/202/1,F1o - D68EV3CPROB-x0426/A/209/1,A1 - monomer,F1 - D68_3C_PROB,3a - 7gpw/B/202,3 - 7gpw/B/202/1,F1o - 0426/A/209,A1 - monomer,F1 - D68_3C_PROB,3a - 7gpw/B/202,3 - 7gpw/B/202/1,F1o - 0426/A/209,A1 - monomer,F1 - D68_3C_PROB,B1219b,False,True
B1264a,D68EV3CPROB-x1264_B_301_v1,D68EV3CPROB-x1264,ASAP-0028025-001,O=C1NCc2ccc(S(=O)(=O)F)cc21,7gp9/A/163/A_v1,True,1a - 7gp9/A/201,1 - 7gp9/A/201/1,F1e - D68EV3CPROB-x0436/B/301/1,A1 - monomer,F1 - D68_3C_PROB,1a - 7gp9/A/201,1 - 7gp9/A/201/1,F1e - 0436/B/301,A1 - monomer,F1 - D68_3C_PROB,1a - 7gp9/A/201,1 - 7gp9/A/201/1,F1e - 0436/B/301,A1 - monomer,F1 - D68_3C_PROB,B1264a,True,True
B1270a,D68EV3CPROB-x1270_A_308_v1,D68EV3CPROB-x1270,ASAP-0028845-001,Cn1nc(-c2ccccc2)nc1Sc1cccc2nncn12,7gon/B/47/B_v1,True,2a - 7gon/B/201,2 - 7gon/B/201/1,F1k - D68EV3CPROB-x0693/A/209/1,A1 - monomer,F1 - D68_3C_PROB,2a - 7gon/B/201,2 - 7gon/B/201/1,F1k - 0693/A/209,A1 - monomer,F1 - D68_3C_PROB,2a - 7gon/B/201,2 - 7gon/B/201/1,F1k - 0693/A/209,A1 - monomer,F1 - D68_3C_PROB,B1270a,False,True
B1276a,D68EV3CPROB-x1276_A_308_v1,D68EV3CPROB-x1276,ASAP-0028925-001,Cc1cc2c(cc1OS(=O)(=O)F)C(=O)NC2,D68EV3CPROB-x1035/B/138/A_v1,True,12a - D68EV3CPROB-x1035/A/308,12 - D68EV3CPROB-x1035/A/308/1,F1ai - D68EV3CPROB-x1035/A/308/1,A1 - monomer,F1 - D68_3C_PROB,12a - B1035/A/308,12 - B1035/A/308/1,F1ai - B1035/A/308,A1 - monomer,F1 - D68_3C_PROB,12a - B1035/A/308,12 - B1035/A/308/1,F1ai - B1035/A/308,A1 - monomer,F1 - D68_3C_PROB,B1276a,False,True
B1307a,D68EV3CPROB-x1307_A_301_v1,D68EV3CPROB-x1307,ASAP-0029004-001,O=c1ccnc(CCNS(=O)(=O)c2ccns2)[nH]1,7gp9/A/163/A_v1,True,1a - 7gp9/A/201,1 - 7gp9/A/201/1,F1f - D68EV3CPROB-x0446/A/209/1,A1 - monomer,F1 - D68_3C_PROB,1a - 7gp9/A/201,1 - 7gp9/A/201/1,F1f - 0446/A/209,A1 - monomer,F1 - D68_3C_PROB,1a - 7gp9/A/201,1 - 7gp9/A/201/1,F1f - 0446/A/209,A1 - monomer,F1 - D68_3C_PROB,B1307a,True,True
B1307b,D68EV3CPROB-x1307_B_301_v1,D68EV3CPROB-x1307,ASAP-0029004-001,O=c1ccnc(CCNS(=O)(=O)c2ccns2)[nH]1,7gp9/A/163/A_v1,True,1a - 7gp9/A/201,1 - 7gp9/A/201/1,F1e - D68EV3CPROB-x0436/B/301/1,A1 - monomer,F1 - D68_3C_PROB,1a - 7gp9/A/201,1 - 7gp9/A/201/1,F1e - 0436/B/301,A1 - monomer,F1 - D68_3C_PROB,1a - 7gp9/A/201,1 - 7gp9/A/201/1,F1e - 0436/B/301,A1 - monomer,F1 - D68_3C_PROB,B1307a,False,True
B1361a,D68EV3CPROB-x1361_A_308_v1,D68EV3CPROB-x1361,ASAP-0029334-001,O=S(=O)(NCCc1nccc(O)n1)c1ccc(O)cc1,7gp9/A/163/A_v1,True,1a - 7gp9/A/201,1 - 7gp9/A/201/1,F1e - D68EV3CPROB-x0436/B/301/1,A1 - monomer,F1 - D68_3C_PROB,1a - 7gp9/A/201,1 - 7gp9/A/201/1,F1e - 0436/B/301,A1 - monomer,F1 - D68_3C_PROB,1a - 7gp9/A/201,1 - 7gp9/A/201/1,F1e - 0436/B/301,A1 - monomer,F1 - D68_3C_PROB,B1361a,True,True
B1361b,D68EV3CPROB-x1361_A_401_v1,D68EV3CPROB-x1361,ASAP-0029334-001,O=S(=O)(NCCc1nccc(O)n1)c1ccc(O)cc1,7gp9/A/163/A_v1,True,1a - 7gp9/A/201,1 - 7gp9/A/201/1,F1f - D68EV3CPROB-x0446/A/209/1,A1 - monomer,F1 - D68_3C_PROB,1a - 7gp9/A/201,1 - 7gp9/A/201/1,F1f - 0446/A/209,A1 - monomer,F1 - D68_3C_PROB,1a - 7gp9/A/201,1 - 7gp9/A/201/1,F1f - 0446/A/209,A1 - monomer,F1 - D68_3C_PROB,B1361a,False,True
B1368a,D68EV3CPROB-x1368_A_308_v1,D68EV3CPROB-x1368,ASAP-0029286-001,Cc1cc(O)nc(CCNS(=O)(=O)N2CCCC2)n1,7gp9/A/163/A_v1,True,1a - 7gp9/A/201,1 - 7gp9/A/201/1,F1f - D68EV3CPROB-x0446/A/209/1,A1 - monomer,F1 - D68_3C_PROB,1a - 7gp9/A/201,1 - 7gp9/A/201/1,F1f - 0446/A/209,A1 - monomer,F1 - D68_3C_PROB,1a - 7gp9/A/201,1 - 7gp9/A/201/1,F1f - 0446/A/209,A1 - monomer,F1 - D68_3C_PROB,B1368a,True,True
B1396a,D68EV3CPROB-x1396_A_401_v1,D68EV3CPROB-x1396,ASAP-0029467-001,Cc1ccccc1NC(=O)CS(=O)(=O)c1ccccc1,7gon/B/47/B_v1,True,2a - 7gon/B/201,2 - 7gon/B/201/1,F1k - D68EV3CPROB-x0693/A/209/1,A1 - monomer,F1 - D68_3C_PROB,2a - 7gon/B/201,2 - 7gon/B/201/1,F1k - 0693/A/209,A1 - monomer,F1 - D68_3C_PROB,2a - 7gon/B/201,2 - 7gon/B/201/1,F1k - 0693/A/209,A1 - monomer,F1 - D68_3C_PROB,B1396a,False,True
B1403a,D68EV3CPROB-x1403_A_308_v1,D68EV3CPROB-x1403,ASAP-0029412-001,Cc1cc(CNS(=O)(=O)N2CCNCC2)no1,D68EV3CPROB-x0798/A/175/A_v1,True,6a - D68EV3CPROB-x0798/A/308,6 - D68EV3CPROB-x0798/A/308/1,F1x - D68EV3CPROB-x1403/A/308/1,A1 - monomer,F1 - D68_3C_PROB,6a - B0798/A/308,6 - B0798/A/308/1,F1x - B1403/A/308,A1 - monomer,F1 - D68_3C_PROB,6a - B0798/A/308,6 - B0798/A/308/1,F1x - B1403/A/308,A1 - monomer,F1 - D68_3C_PROB,B1403a,False,True
B1409a,D68EV3CPROB-x1409_A_308_v1,D68EV3CPROB-x1409,ASAP-0029504-001,Cc1cc(OS(=O)(=O)F)cc2c1CNC2=O,D68EV3CPROB-x1035/B/138/A_v1,True,12a - D68EV3CPROB-x1035/A/308,12 - D68EV3CPROB-x1035/A/308/1,F1ai - D68EV3CPROB-x1035/A/308/1,A1 - monomer,F1 - D68_3C_PROB,12a - B1035/A/308,12 - B1035/A/308/1,F1ai - B1035/A/308,A1 - monomer,F1 - D68_3C_PROB,12a - B1035/A/308,12 - B1035/A/308/1,F1ai - B1035/A/308,A1 - monomer,F1 - D68_3C_PROB,B1409a,False,True
B1456a,D68EV3CPROB-x1456_A_308_v1,D68EV3CPROB-x1456,ASAP-0029844-001,Cc1cc(O)nc(CCNS(=O)(=O)c2ccn(C)n2)n1,7gp9/A/163/A_v1,True,1a - 7gp9/A/201,1 - 7gp9/A/201/1,F1f - D68EV3CPROB-x0446/A/209/1,A1 - monomer,F1 - D68_3C_PROB,1a - 7gp9/A/201,1 - 7gp9/A/201/1,F1f - 0446/A/209,A1 - monomer,F1 - D68_3C_PROB,1a - 7gp9/A/201,1 - 7gp9/A/201/1,F1f - 0446/A/209,A1 - monomer,F1 - D68_3C_PROB,B1456a,True,True
B1456b,D68EV3CPROB-x1456_B_301_v1,D68EV3CPROB-x1456,ASAP-0029844-001,Cc1cc(O)nc(CCNS(=O)(=O)c2ccn(C)n2)n1,7gp9/A/163/A_v1,True,1a - 7gp9/A/201,1 - 7gp9/A/201/1,F1e - D68EV3CPROB-x0436/B/301/1,A1 - monomer,F1 - D68_3C_PROB,1a - 7gp9/A/201,1 - 7gp9/A/201/1,F1e - 0436/B/301,A1 - monomer,F1 - D68_3C_PROB,1a - 7gp9/A/201,1 - 7gp9/A/201/1,F1e - 0436/B/301,A1 - monomer,F1 - D68_3C_PROB,B1456a,False,True
B1457a,D68EV3CPROB-x1457_A_308_v1,D68EV3CPROB-x1457,ASAP-0029860-001,Cc1cc(O)nc(CCNS(=O)(=O)c2cscn2)n1,7gp9/A/163/A_v1,True,1a - 7gp9/A/201,1 - 7gp9/A/201/1,F1e - D68EV3CPROB-x0436/B/301/1,A1 - monomer,F1 - D68_3C_PROB,1a - 7gp9/A/201,1 - 7gp9/A/201/1,F1e - 0436/B/301,A1 - monomer,F1 - D68_3C_PROB,1a - 7gp9/A/201,1 - 7gp9/A/201/1,F1e - 0436/B/301,A1 - monomer,F1 - D68_3C_PROB,B1457a,True,True
B1457b,D68EV3CPROB-x1457_A_401_v1,D68EV3CPROB-x1457,ASAP-0029860-001,Cc1cc(O)nc(CCNS(=O)(=O)c2cscn2)n1,7gp9/A/163/A_v1,True,1a - 7gp9/A/201,1 - 7gp9/A/201/1,F1f - D68EV3CPROB-x0446/A/209/1,A1 - monomer,F1 - D68_3C_PROB,1a - 7gp9/A/201,1 - 7gp9/A/201/1,F1f - 0446/A/209,A1 - monomer,F1 - D68_3C_PROB,1a - 7gp9/A/201,1 - 7gp9/A/201/1,F1f - 0446/A/209,A1 - monomer,F1 - D68_3C_PROB,B1457a,False,True
B1460a,D68EV3CPROB-x1460_A_308_v1,D68EV3CPROB-x1460,ASAP-0029833-001,Nc1ccc(S(=O)(=O)NCCc2nccc(O)n2)cn1,7gp9/A/163/A_v1,True,1a - 7gp9/A/201,1 - 7gp9/A/201/1,F1f - D68EV3CPROB-x0446/A/209/1,A1 - monomer,F1 - D68_3C_PROB,1a - 7gp9/A/201,1 - 7gp9/A/201/1,F1f - 0446/A/209,A1 - monomer,F1 - D68_3C_PROB,1a - 7gp9/A/201,1 - 7gp9/A/201/1,F1f - 0446/A/209,A1 - monomer,F1 - D68_3C_PROB,B1460a,True,True
B1460b,D68EV3CPROB-x1460_B_301_v1,D68EV3CPROB-x1460,ASAP-0029833-001,Nc1ccc(S(=O)(=O)NCCc2nccc(O)n2)cn1,7gp9/A/163/A_v1,True,1a - 7gp9/A/201,1 - 7gp9/A/201/1,F1e - D68EV3CPROB-x0436/B/301/1,A1 - monomer,F1 - D68_3C_PROB,1a - 7gp9/A/201,1 - 7gp9/A/201/1,F1e - 0436/B/301,A1 - monomer,F1 - D68_3C_PROB,1a - 7gp9/A/201,1 - 7gp9/A/201/1,F1e - 0436/B/301,A1 - monomer,F1 - D68_3C_PROB,B1460a,False,True
B1462a,D68EV3CPROB-x1462_A_308_v1,D68EV3CPROB-x1462,ASAP-0029853-001,CCOC(=O)/C=C/c1cccc(C(N)=O)c1,7gp9/A/163/A_v1,True,1a - 7gp9/A/201,1 - 7gp9/A/201/1,F1f - D68EV3CPROB-x0446/A/209/1,A1 - monomer,F1 - D68_3C_PROB,1a - 7gp9/A/201,1 - 7gp9/A/201/1,F1f - 0446/A/209,A1 - monomer,F1 - D68_3C_PROB,1a - 7gp9/A/201,1 - 7gp9/A/201/1,F1f - 0446/A/209,A1 - monomer,F1 - D68_3C_PROB,B1462a,True,True
B1462b,D68EV3CPROB-x1462_B_301_v1,D68EV3CPROB-x1462,ASAP-0029853-001,CCOC(=O)/C=C/c1cccc(C(N)=O)c1,7gp9/A/163/A_v1,True,1a - 7gp9/A/201,1 - 7gp9/A/201/1,F1e - D68EV3CPROB-x0436/B/301/1,A1 - monomer,F1 - D68_3C_PROB,1a - 7gp9/A/201,1 - 7gp9/A/201/1,F1e - 0436/B/301,A1 - monomer,F1 - D68_3C_PROB,1a - 7gp9/A/201,1 - 7gp9/A/201/1,F1e - 0436/B/301,A1 - monomer,F1 - D68_3C_PROB,B1462a,False,True
B1463a,D68EV3CPROB-x1463_A_308_v1,D68EV3CPROB-x1463,ASAP-0029773-001,Cc1cc(O)nc(CCNS(=O)(=O)N2CCOCC2)n1,7gp9/A/163/A_v1,True,1a - 7gp9/A/201,1 - 7gp9/A/201/1,F1f - D68EV3CPROB-x0446/A/209/1,A1 - monomer,F1 - D68_3C_PROB,1a - 7gp9/A/201,1 - 7gp9/A/201/1,F1f - 0446/A/209,A1 - monomer,F1 - D68_3C_PROB,1a - 7gp9/A/201,1 - 7gp9/A/201/1,F1f - 0446/A/209,A1 - monomer,F1 - D68_3C_PROB,B1463a,True,True
