https://fragalysis.diamond.ac.uk/viewer/react/projects/1865/568,,,,,,,,,,,,,,,,,,
smiles,SLURM_JOB_ID,fragmenstein_runtime,score_inspiration,HIPPO Pose ID,HIPPO Compound ID,_id,csv_name,scratch_subdir,fragmenstein_outcome,fragmenstein_mode,fragmenstein_error,original ID,name,compound_set,inspiration_1,inspiration_2,green,green-text
O=C([C@H]1CN(S(=O)(=O)N2CCNCC2)Cc2nn[nH]c21)N1CCC[C@@H](c2ccc(CO)cc2)C1,350559,10.939542,0.787266,203,157,6374,D68EV3C_iter1_fstein_split1000_batch001.csv,/opt/xchem-fragalysis-2/maxwin/BulkDock/SCRATCH/350559/C157-P141,acceptable,expansion,None,OZWBTGWXFDYOIC-MOPGFXCFSA-N,v1a,35,B0525a,B1020a,true,green
CC[S@](=O)(=NCN(C(=O)[C@H]1OCC[C@H]1C)c1cnns1)NCc1ccc2c(c1)OCO2,350558,3.257951,0.846594,213,472,6376,D68EV3C_iter1_fstein_split1000_batch000.csv,/opt/xchem-fragalysis-2/maxwin/BulkDock/SCRATCH/350558/C472-P41,acceptable,expansion,None,UDKSHBBSADJHDT-PAOBBKMPSA-N,v3a,35,7gp9-a,7gol-a,true,green
CCS(=O)(=O)NCc1ccc2c(c1)O[C@H](C(C)C)O2,350558,4.088595,0.849732,249,477,6380,D68EV3C_iter1_fstein_split1000_batch000.csv,/opt/xchem-fragalysis-2/maxwin/BulkDock/SCRATCH/350558/C477-P13,acceptable,expansion,None,GNGRUWAZVCUSFH-CYBMUJFWSA-N,v7a,35,7gp9-a,7gpm-a,true,green
CC[S@](=O)(=NCCc1c(Br)c(O)cc2c1C(=O)OC(C)(C)O2)NCc1ccc2c(c1)OCO2,350558,4.521108,0.834346,261,479,6382,D68EV3C_iter1_fstein_split1000_batch000.csv,/opt/xchem-fragalysis-2/maxwin/BulkDock/SCRATCH/350558/C479-P13,acceptable,expansion,None,BPGUWYNWEIKHFP-XIFFEERXSA-N,v9a,35,7gp9-a,7gqh-a,true,green
O=S(=O)(CCNC[C@@H]1CN(Cc2ccsc2)CC[C@@H]1O)NCc1ccc2c(c1)OCO2,350558,3.767409,0.689322,281,481,6384,D68EV3C_iter1_fstein_split1000_batch000.csv,/opt/xchem-fragalysis-2/maxwin/BulkDock/SCRATCH/350558/C481-P121,acceptable,expansion,None,JCAIMIBYGYDFJZ-MOPGFXCFSA-N,v11a,35,7gp9-a,7gpk-a,true,green
CC[S@](=O)(=NCc1cc(OC)c(OC)cc1-c1ccc2nnc(N)n2c1)NCc1ccc2c(c1)OCO2,350558,4.194049,0.827909,345,485,6389,D68EV3C_iter1_fstein_split1000_batch000.csv,/opt/xchem-fragalysis-2/maxwin/BulkDock/SCRATCH/350558/C485-P13,acceptable,expansion,None,PAACYIUKIWTKAR-DIPNUNPCSA-N,v16a,35,7gp9-a,B0450a,true,green
CC[S@](=O)(=NCc1cc(OC)c(OC)cc1-c1ccc2nnc(N)n2c1)NCc1ccc2c(c1)OCO2,350558,4.411958,0.796611,352,485,6391,D68EV3C_iter1_fstein_split1000_batch000.csv,/opt/xchem-fragalysis-2/maxwin/BulkDock/SCRATCH/350558/C485-P132,acceptable,expansion,None,PAACYIUKIWTKAR-DIPNUNPCSA-N,v16b,35,7gp9-a,B0450a,true,green
CC[S@](=O)(=NCc1cc(N2CC[C@@H](c3ccccc3)S2(=O)=O)n2cnnc2c1)NCc1ccc2c(c1)OCO2,350558,4.155586,0.741502,374,488,6395,D68EV3C_iter1_fstein_split1000_batch000.csv,/opt/xchem-fragalysis-2/maxwin/BulkDock/SCRATCH/350558/C488-P13,acceptable,expansion,None,KFJNKWVMMXQGKO-FKEHTHLJSA-N,v22a,35,7gp9-a,B0691a,true,green
CC[S@](=O)(=NCc1cc(N2CC[C@@H](c3ccccc3)S2(=O)=O)n2cnnc2c1)NCc1ccc2c(c1)OCO2,350558,4.340658,0.717353,380,488,6397,D68EV3C_iter1_fstein_split1000_batch000.csv,/opt/xchem-fragalysis-2/maxwin/BulkDock/SCRATCH/350558/C488-P144,acceptable,expansion,None,KFJNKWVMMXQGKO-FKEHTHLJSA-N,v22b,35,7gp9-a,B0691a,true,green
CC[S@](=O)(=Nc1cc(Nc2n[nH]c(-c3ccccc3)n2)n2cnnc2c1)NCc1ccc2c(c1)OCO2,350558,6.060364,0.794385,417,491,6399,D68EV3C_iter1_fstein_split1000_batch000.csv,/opt/xchem-fragalysis-2/maxwin/BulkDock/SCRATCH/350558/C491-P13,acceptable,expansion,None,WVLCXBYYBBKDMZ-DIPNUNPCSA-N,v26a,35,7gp9-a,B0742a,true,green
CC[S@](=O)(=NCc1cc(N2CCC[C@H](c3ccccc3)S2(=O)=O)n2cnnc2c1)NCc1ccc2c(c1)OCO2,350558,8.60639,0.820662,454,492,6402,D68EV3C_iter1_fstein_split1000_batch000.csv,/opt/xchem-fragalysis-2/maxwin/BulkDock/SCRATCH/350558/C492-P152,acceptable,expansion,None,GGSNEERVTDVMAB-IWIKFHKFSA-N,v29a,35,7gp9-a,B0805a,true,green
CC[S@@H](=O)=Nn1c(Sc2cccc3nncn23)nc2cc3cc4c(cc3cc21)OCO4,350559,4.306089,0.719307,450,178,6403,D68EV3C_iter1_fstein_split1000_batch001.csv,/opt/xchem-fragalysis-2/maxwin/BulkDock/SCRATCH/350559/C178-P180,acceptable,expansion,None,KRPJRXCBIRLSTM-UHFFFAOYSA-N,v30a,35,7gp9-a,B1219a,true,green
C[C@H]1CCO[C@@H]1C(=O)c1ccc2nncn2c1Sc1nc2cc(F)ccc2[nH]1,350559,3.014469,0.755605,482,180,6405,D68EV3C_iter1_fstein_split1000_batch001.csv,/opt/xchem-fragalysis-2/maxwin/BulkDock/SCRATCH/350559/C180-P180,acceptable,expansion,None,RTJLOAFRGVVSCQ-BTDLBPIBSA-N,v32a,35,7gol-a,B1219a,true,green
CC[S@](=O)(=NCc1cc2nnc(N)n2cc1-c1cnccn1)NCc1ccc2c(c1)OCO2,350558,2.988236,0.720786,496,494,6406,D68EV3C_iter1_fstein_split1000_batch000.csv,/opt/xchem-fragalysis-2/maxwin/BulkDock/SCRATCH/350558/C494-P156,acceptable,expansion,None,MFUIOSQSBPZWTL-MGBGTMOVSA-N,v33a,35,7gp9-a,B0857a,true,green
CC[S@](=O)(=NCc1ccc2nncn2c1NC(=O)Nc1cn[nH]c1)NCc1ccc2c(c1)OCO2,350558,4.986634,0.79272,501,495,6408,D68EV3C_iter1_fstein_split1000_batch000.csv,/opt/xchem-fragalysis-2/maxwin/BulkDock/SCRATCH/350558/C495-P13,acceptable,expansion,None,IOOBSWUQFSORJH-PGUFJCEWSA-N,v35a,35,7gp9-a,B0875a,true,green
CC[S@](=O)(=NCc1cc(SCc2ccncc2)n2cnnc2c1)NCc1ccc2c(c1)OCO2,350558,3.396608,0.831143,522,497,6411,D68EV3C_iter1_fstein_split1000_batch000.csv,/opt/xchem-fragalysis-2/maxwin/BulkDock/SCRATCH/350558/C497-P164,acceptable,expansion,None,AFAIYXZRJDCNKK-UUWRZZSWSA-N,v38a,35,7gp9-a,B0931a,true,green
CC[S@](=O)(=NC[C@H]1CN(S(=O)(=O)N2CCNCC2)Cc2[nH]nnc21)NCc1ccc2c(c1)OCO2,350558,7.318127,0.857158,545,499,6415,D68EV3C_iter1_fstein_split1000_batch000.csv,/opt/xchem-fragalysis-2/maxwin/BulkDock/SCRATCH/350558/C499-P13,acceptable,expansion,None,QEYIRGNJEXUPFD-JCYUZIAUSA-N,v42a,35,7gp9-a,B1020a,true,green
CCS(=O)(=O)c1c2cc3c(cc2cc2nc(Sc4cccc5nncn45)[nH]c12)OCO3,350558,7.865066,0.720376,568,500,6417,D68EV3C_iter1_fstein_split1000_batch000.csv,/opt/xchem-fragalysis-2/maxwin/BulkDock/SCRATCH/350558/C500-P13,acceptable,expansion,None,OEWYTKMMRVAGLC-UHFFFAOYSA-N,v44a,35,7gp9-a,B1219a,true,green
CC[S@](=O)(=NC[C@@H]1NC(=O)c2cc(S(=O)(=O)F)ccc21)NCc1ccc2c(c1)OCO2,350558,4.034431,0.837755,583,501,6419,D68EV3C_iter1_fstein_split1000_batch000.csv,/opt/xchem-fragalysis-2/maxwin/BulkDock/SCRATCH/350558/C501-P13,acceptable,expansion,None,YCTDSFVDJVJPFF-BEIWTESXSA-N,v46a,35,7gp9-a,B1264a,true,green
Cc1cc(=O)nc(CCNS(=O)(=O)c2ccns2)[nH]1,350559,2.929442,0.862928,2873,257,6425,D68EV3C_iter1_fstein_split1000_batch001.csv,/opt/xchem-fragalysis-2/maxwin/BulkDock/SCRATCH/350559/C257-P147,acceptable,expansion,None,XAJDCZGWKOCIFY-UHFFFAOYSA-N,v52a,35,B0723a,B1307a,true,green
Cc1cc(O)nc(CCN(C)S(=O)(=O)N2CC[C@H](N)C2)n1,350559,2.432239,0.800297,3965,321,6429,D68EV3C_iter1_fstein_split1000_batch001.csv,/opt/xchem-fragalysis-2/maxwin/BulkDock/SCRATCH/350559/C321-P190,acceptable,expansion,None,ARJRRNVYNBTWSC-JTQLQIEISA-N,v56a,35,B0525a,B1368a,true,green
Cn1ccc(S(=O)(=O)NCNc2nnc3ccccn23)n1,350558,1.682114,0.620907,4327,707,6430,D68EV3C_iter1_fstein_split1000_batch000.csv,/opt/xchem-fragalysis-2/maxwin/BulkDock/SCRATCH/350558/C707-P129,acceptable,expansion,None,HFOLJJOFUVOQHO-UHFFFAOYSA-N,v57a,35,7gqf-a,B0439a,true,green
Cc1cc(O)nc(CCNS(=O)(=O)c2ccc(N)nc2)n1,350559,3.751124,0.872883,4855,407,6432,D68EV3C_iter1_fstein_split1000_batch001.csv,/opt/xchem-fragalysis-2/maxwin/BulkDock/SCRATCH/350559/C407-P72,acceptable,expansion,None,UORMEOYXXLBBFS-UHFFFAOYSA-N,v59a,35,7gqf-a,B1460a,true,green
Cc1cc(O)nc(CCNS(=O)(=O)c2ccc(N)nc2)n1,350559,3.104985,0.870628,4862,407,6433,D68EV3C_iter1_fstein_split1000_batch001.csv,/opt/xchem-fragalysis-2/maxwin/BulkDock/SCRATCH/350559/C407-P78,acceptable,expansion,None,UORMEOYXXLBBFS-UHFFFAOYSA-N,v59b,35,7gqh-a,B1460a,true,green
O=S(=O)(NCCc1nnc2cnccn12)N1CCOCC1,350558,1.894235,0.574568,4917,759,6434,D68EV3C_iter1_fstein_split1000_batch000.csv,/opt/xchem-fragalysis-2/maxwin/BulkDock/SCRATCH/350558/C759-P105,acceptable,expansion,None,SKZWXAFOZXXRRV-UHFFFAOYSA-N,v61a,35,7go2-a,B0454a,true,green
CS(=O)(=O)Nc1cccc(-c2ccc3nnc(N)n3c2Sc2nnc(-c3ccc[nH]3)o2)c1,350558,5.623458,0.646968,5803,824,6438,D68EV3C_iter1_fstein_split1000_batch000.csv,/opt/xchem-fragalysis-2/maxwin/BulkDock/SCRATCH/350558/C824-P194,acceptable,expansion,None,FYSFPMUXJFXROW-UHFFFAOYSA-N,v65a,35,B0436a,B1456a,true,green
Cc1cc(O)nc(CCNS(=O)(=O)N2CCN(N)CC2)n1,350559,3.352862,0.827206,5889,469,6439,D68EV3C_iter1_fstein_split1000_batch001.csv,/opt/xchem-fragalysis-2/maxwin/BulkDock/SCRATCH/350559/C469-P202,acceptable,expansion,None,MFLOENYQIXAYNO-UHFFFAOYSA-N,v66a,35,7gp2-a,B1463a,true,green
CS(=O)(=O)Nc1cccc(-c2cn3c(N)nnc3cc2CNS(=O)(=O)c2ccc(N)nc2)c1,350558,3.336365,0.699778,6013,839,6441,D68EV3C_iter1_fstein_split1000_batch000.csv,/opt/xchem-fragalysis-2/maxwin/BulkDock/SCRATCH/350558/C839-P130,acceptable,expansion,None,UVSREIOAEVDTLH-UHFFFAOYSA-N,v68a,35,B0439a,B0446a,true,green
CS(=O)(=O)Nc1cccc(-c2cn3c(N)nnc3cc2CNS(=O)(=O)N2CCOCC2)c1,350558,2.985705,0.722876,6021,841,6442,D68EV3C_iter1_fstein_split1000_batch000.csv,/opt/xchem-fragalysis-2/maxwin/BulkDock/SCRATCH/350558/C841-P134,acceptable,expansion,None,HINZQSGCFNLQAV-UHFFFAOYSA-N,v69a,35,B0439a,B0454a,true,green
COc1ccc(-c2cn3c(N)nnc3cc2CNS(=O)(=O)c2ccc(O)cc2)cc1OC,350558,6.792724,0.586533,6698,898,6443,D68EV3C_iter1_fstein_split1000_batch000.csv,/opt/xchem-fragalysis-2/maxwin/BulkDock/SCRATCH/350558/C898-P132,acceptable,expansion,None,XWNWUCBTZBBRJK-UHFFFAOYSA-N,v70a,35,7gp2-a,B0450a,true,green
COc1ccc(-c2cn3c(N)nnc3cc2CNS(=O)(=O)c2ccn(C)n2)cc1OC,350558,3.554047,0.655389,6705,900,6445,D68EV3C_iter1_fstein_split1000_batch000.csv,/opt/xchem-fragalysis-2/maxwin/BulkDock/SCRATCH/350558/C900-P132,acceptable,expansion,None,DJBIKPKHMQFQII-UHFFFAOYSA-N,v71b,35,7gpm-a,B0450a,true,green
CN(Cc1ccc(N)cc1)[C@]1(O)CCc2nncn2C1,350558,4.98925,0.743493,6871,933,6446,D68EV3C_iter1_fstein_split1000_batch000.csv,/opt/xchem-fragalysis-2/maxwin/BulkDock/SCRATCH/350558/C933-P78,acceptable,expansion,None,QDIUYSLVZGQQOA-AWEZNQCLSA-N,v73a,35,7gqh-a,B0454a,true,green
CNC(=O)c1ccc(-c2cn3c(N)nnc3cc2CNS(=O)(=O)c2cscn2)cc1,350558,3.276448,0.616732,7024,962,6448,D68EV3C_iter1_fstein_split1000_batch000.csv,/opt/xchem-fragalysis-2/maxwin/BulkDock/SCRATCH/350558/C962-P70,acceptable,expansion,None,MMMSZMUZWHYISC-UHFFFAOYSA-N,v75a,35,7gpm-a,B0455a,true,green
O=S1(=O)[C@@H](c2ccccc2)CCN1c1cccc2nncn12,350558,60.765834,0.251786,7054,117,6449,D68EV3C_iter1_fstein_split1000_batch000.csv,/opt/xchem-fragalysis-2/maxwin/BulkDock/SCRATCH/350558/C117-P128,acceptable,expansion,None,YWAUSXIRKVBYLY-CYBMUJFWSA-N,v76a,35,B0436a,B0525a,true,green
O=S1(=O)[C@@H](c2ccccc2)CCC[C@]12Cc1nncn1[C@H](CNCc1n[nH]c(-c3ccccc3)n1)C2,350558,6.986907,0.490585,7082,1033,6450,D68EV3C_iter1_fstein_split1000_batch000.csv,/opt/xchem-fragalysis-2/maxwin/BulkDock/SCRATCH/350558/C1033-P144,acceptable,expansion,None,ZTWXEBUXALNNFU-VRUMLPLGSA-N,v77a,35,B0691a,B1219a,true,green
O=S1(=O)NN(Cc2cccc3nncn23)Cc2nc(-c3ccccc3)nn21,350558,2.343149,0.679761,7097,1043,6452,D68EV3C_iter1_fstein_split1000_batch000.csv,/opt/xchem-fragalysis-2/maxwin/BulkDock/SCRATCH/350558/C1043-P147,acceptable,expansion,None,MFPQVYLTINRIPD-UHFFFAOYSA-N,v79a,35,7gp2-a,B0723a,true,green
O=S(=O)(NCc1cc(Nc2n[nH]c(-c3ccccc3)n2)n2cnnc2c1)c1ccns1,350558,4.206486,0.621774,7172,1097,6455,D68EV3C_iter1_fstein_split1000_batch000.csv,/opt/xchem-fragalysis-2/maxwin/BulkDock/SCRATCH/350558/C1097-P196,acceptable,expansion,None,RAWKTIYUUMGONY-UHFFFAOYSA-N,v82a,35,B0738a,B1457a,true,green
Cn1ccc(S(=O)(=O)NCc2cc(Nc3n[nH]c(-c4ccccc4)n3)n3cnnc3c2)n1,350558,4.966329,0.580959,7177,1100,6457,D68EV3C_iter1_fstein_split1000_batch000.csv,/opt/xchem-fragalysis-2/maxwin/BulkDock/SCRATCH/350558/C1100-P148,acceptable,expansion,None,JDSFMHCDLBLTOW-UHFFFAOYSA-N,v84a,35,B0738a,B1463a,true,green
O=S(=O)(NCc1cc(Nc2n[nH]c(-c3ccccc3)n2)n2cnnc2c1)c1cscn1,350558,5.463378,0.64621,7180,1101,6459,D68EV3C_iter1_fstein_split1000_batch000.csv,/opt/xchem-fragalysis-2/maxwin/BulkDock/SCRATCH/350558/C1101-P150,acceptable,expansion,None,SLDWBFOSOMALSF-UHFFFAOYSA-N,v86a,35,7gp9-a,B0742a,true,green
Cn1ccc(S(=O)(=O)NCc2cc(N3CCC[C@@H](c4ccccc4)S3(=O)=O)n3cnnc3c2)n1,350558,5.956809,0.661536,7209,1121,6460,D68EV3C_iter1_fstein_split1000_batch000.csv,/opt/xchem-fragalysis-2/maxwin/BulkDock/SCRATCH/350558/C1121-P150,acceptable,expansion,None,IELYVEIWJLORIZ-SFHVURJKSA-N,v87a,35,B0742a,B1307a,true,green
O=S(=O)(NCc1cc(N2CCC[C@@H](c3ccccc3)S2(=O)=O)n2cnnc2c1)c1cscn1,350558,5.23087,0.67812,7212,1122,6462,D68EV3C_iter1_fstein_split1000_batch000.csv,/opt/xchem-fragalysis-2/maxwin/BulkDock/SCRATCH/350558/C1122-P188,acceptable,expansion,None,GUQYNUCXGFLGTG-KRWDZBQOSA-N,v89a,35,B0742a,B1361a,true,green
O=S(=O)(NCc1cc(N2CCC[C@@H](c3ccccc3)S2(=O)=O)n2cnnc2c1)N1CCOCC1,350558,5.861494,0.660734,7213,1125,6463,D68EV3C_iter1_fstein_split1000_batch000.csv,/opt/xchem-fragalysis-2/maxwin/BulkDock/SCRATCH/350558/C1125-P150,acceptable,expansion,None,AWVUBXWCDDDEPI-IBGZPJMESA-N,v90a,35,B0742a,B1457a,true,green
Nc1ccc(S(=O)(=O)NCCc2cc(Sc3nc4ccsc4c(=O)[nH]3)n3cnnc3c2)cn1,350558,5.259015,0.541955,7387,1280,6467,D68EV3C_iter1_fstein_split1000_batch000.csv,/opt/xchem-fragalysis-2/maxwin/BulkDock/SCRATCH/350558/C1280-P164,acceptable,expansion,None,GCWXMZUOJLEQBP-UHFFFAOYSA-N,v94a,35,B0931a,B1457a,true,green
c1cc(N2CCCCC2)ns1,350568,1.241018,0.796407,2980,4445,6470,D68EV3C_iter1_knitwork_impure_split1000_batch001.csv,/opt/xchem-fragalysis-2/maxwin/BulkDock/SCRATCH/350568/C4445-P44,acceptable,expansion,None,CNBZAADYSVGLQG-UHFFFAOYSA-N,v97a,36,7gp2-a,B1307a,true,green
COc1cc(CN[C@H](C)Cc2ccno2)cc2c1OCO2,350563,1.452699,0.689916,842,2022,6471,D68EV3C_iter1_knitwork_pure_split1000_batch002.csv,/opt/xchem-fragalysis-2/maxwin/BulkDock/SCRATCH/350563/C2022-P59,acceptable,expansion,None,ZBTYMXBQBXMSMR-SNVBAGLBSA-N,v98a,36,7gp9-a,7goy-a,true,green
c1cc(CNc2ccc3c(c2)OCO3)on1,350563,1.202977,0.76063,1210,2074,6472,D68EV3C_iter1_knitwork_pure_split1000_batch002.csv,/opt/xchem-fragalysis-2/maxwin/BulkDock/SCRATCH/350563/C2074-P59,acceptable,expansion,None,BWWXGHHHLUEPOW-UHFFFAOYSA-N,v99a,36,7gp9-a,7goy-a,true,green
CN(Cc1ccc2c(c1)OCO2)S(=O)(=O)Cc1ccon1,350567,2.157441,0.654058,4456,2096,6473,D68EV3C_iter1_knitwork_impure_split1000_batch000.csv,/opt/xchem-fragalysis-2/maxwin/BulkDock/SCRATCH/350567/C2096-P59,acceptable,expansion,None,NUKPEHAZTOWAPU-UHFFFAOYSA-N,v100a,36,7gp9-a,7goy-a,true,green
O[C@@H](CNCc1ccon1)COCc1ccc2c(c1)OCO2,350563,1.89046,0.714289,1622,2134,6475,D68EV3C_iter1_knitwork_pure_split1000_batch002.csv,/opt/xchem-fragalysis-2/maxwin/BulkDock/SCRATCH/350563/C2134-P59,acceptable,expansion,None,HJCSXYYFDUKRNW-ZDUSSCGKSA-N,v102a,36,7gp9-a,7goy-a,true,green
CN(CCc1ccc2c(c1)OCO2)S(=O)(=O)Cc1ccon1,350563,3.95967,0.549872,1664,2138,6476,D68EV3C_iter1_knitwork_pure_split1000_batch002.csv,/opt/xchem-fragalysis-2/maxwin/BulkDock/SCRATCH/350563/C2138-P59,acceptable,expansion,None,QMOJJRQLKNWOJS-UHFFFAOYSA-N,v103a,36,7gp9-a,7goy-a,true,green
C[C@@H](CNC(=O)c1ccc2ccn(C)c2c1)N1CCCCC1,350562,6.079965,0.48736,2259,5856,6477,D68EV3C_iter1_knitwork_pure_split1000_batch001.csv,/opt/xchem-fragalysis-2/maxwin/BulkDock/SCRATCH/350562/C5856-P40,acceptable,expansion,None,GWPDEXDIWDHEPZ-AWEZNQCLSA-N,v104a,36,7gok-a,7gp2-a,true,green
c1cc2ccc(CN(CCN3CCCCC3)[C@@H]3CCCNC3)cc2[nH]1,350562,5.083646,0.388665,2408,5867,6481,D68EV3C_iter1_knitwork_pure_split1000_batch001.csv,/opt/xchem-fragalysis-2/maxwin/BulkDock/SCRATCH/350562/C5867-P40,acceptable,expansion,None,LPQRCIWRAVBOJZ-HXUWFJFHSA-N,v108a,36,7gok-a,7gp2-a,true,green
O=C(N[C@H]1C[C@H](N2CCCCC2)C1)c1ccc2cc[nH]c2c1,350562,5.143575,0.468602,2430,5868,6482,D68EV3C_iter1_knitwork_pure_split1000_batch001.csv,/opt/xchem-fragalysis-2/maxwin/BulkDock/SCRATCH/350562/C5868-P40,acceptable,expansion,None,KQLYWQIIZPHKEG-WKILWMFISA-N,v109a,36,7gok-a,7gp2-a,true,green
CC(C)(CNC(=O)c1cc(-c2ccoc2)on1)N1CCCCC1,350564,5.856484,0.50851,2616,3209,6485,D68EV3C_iter1_knitwork_pure_split1000_batch003.csv,/opt/xchem-fragalysis-2/maxwin/BulkDock/SCRATCH/350564/C3209-P59,acceptable,expansion,None,SSIWEIZBDUFKPB-UHFFFAOYSA-N,v112a,36,7gp2-a,7goy-a,true,green
C[C@H](COC(=O)c1ccc2ccn(C)c2c1)N1CCCCC1,350562,6.166514,0.502008,2628,5906,6486,D68EV3C_iter1_knitwork_pure_split1000_batch001.csv,/opt/xchem-fragalysis-2/maxwin/BulkDock/SCRATCH/350562/C5906-P40,acceptable,expansion,None,QLLFKTQWEOSFEX-CQSZACIVSA-N,v113a,36,7gok-a,7gp2-a,true,green
C[C@@H](CNC(=O)C(=O)Nc1ccc2cc[nH]c2c1)N1CCCCC1,350562,8.72911,0.369545,2664,5911,6487,D68EV3C_iter1_knitwork_pure_split1000_batch001.csv,/opt/xchem-fragalysis-2/maxwin/BulkDock/SCRATCH/350562/C5911-P40,acceptable,expansion,None,CSNUJKFAWOWXAL-ZDUSSCGKSA-N,v114a,36,7gok-a,7gp2-a,true,green
c1ccc(-c2cc(CN3CCCCC3)on2)cc1,350564,2.342982,0.490771,2929,3251,6492,D68EV3C_iter1_knitwork_pure_split1000_batch003.csv,/opt/xchem-fragalysis-2/maxwin/BulkDock/SCRATCH/350564/C3251-P44,acceptable,expansion,None,IDNKMEIJFTWUEG-UHFFFAOYSA-N,v119a,36,7gp2-a,7goy-a,true,green
COCCN(C)CCCNC(=O)c1cc(CN2CCCCC2)on1,350564,3.364967,0.521525,2953,3254,6493,D68EV3C_iter1_knitwork_pure_split1000_batch003.csv,/opt/xchem-fragalysis-2/maxwin/BulkDock/SCRATCH/350564/C3254-P44,acceptable,expansion,None,FTXYGSXUURDKCD-UHFFFAOYSA-N,v120a,36,7gp2-a,7goy-a,true,green
O=C(NCCOC(F)F)c1cc(CN2CCCCC2)on1,350564,1.910402,0.751479,3069,3264,6499,D68EV3C_iter1_knitwork_pure_split1000_batch003.csv,/opt/xchem-fragalysis-2/maxwin/BulkDock/SCRATCH/350564/C3264-P44,acceptable,expansion,None,LBXRJYKIHOQRLN-UHFFFAOYSA-N,v126a,36,7gp2-a,7goy-a,true,green
CC(C)n1cc(CS(=O)(=O)CCNC(=O)Cc2ccon2)nn1,350565,4.73055,0.279059,3144,1708,6502,D68EV3C_iter1_knitwork_pure_split1000_batch004.csv,/opt/xchem-fragalysis-2/maxwin/BulkDock/SCRATCH/350565/C1708-P70,acceptable,expansion,None,BNTXOLUWLNJNAP-UHFFFAOYSA-N,v129a,36,7goy-a,7gpm-a,true,green
CCS(=O)(=O)NCc1ccc(N2CCCC2)cn1,350565,4.729953,0.807252,3411,1770,6503,D68EV3C_iter1_knitwork_pure_split1000_batch004.csv,/opt/xchem-fragalysis-2/maxwin/BulkDock/SCRATCH/350565/C1770-P53,acceptable,expansion,None,BENPSJZTLHJTBL-UHFFFAOYSA-N,v130a,36,7gp9-a,7gpf-a,true,green
CC(C)(CNC(=O)c1cc(CS(C)(=O)=O)on1)[C@H]1CCCN1,350564,8.712616,0.49465,4529,3495,6516,D68EV3C_iter1_knitwork_pure_split1000_batch003.csv,/opt/xchem-fragalysis-2/maxwin/BulkDock/SCRATCH/350564/C3495-P59,acceptable,expansion,None,JNRRWVFGILCLPY-GFCCVEGCSA-N,v143a,36,7gpf-a,7goy-a,true,green
Cc1nocc1NS(=O)(=O)c1ccc2c(c1)OCO2,350563,1.860794,0.665559,5649,2702,6519,D68EV3C_iter1_knitwork_pure_split1000_batch002.csv,/opt/xchem-fragalysis-2/maxwin/BulkDock/SCRATCH/350563/C2702-P59,acceptable,expansion,None,OGQQYDHFVIPXMW-UHFFFAOYSA-N,v146a,36,7gp9-a,7goy-a,true,green
Cc1cc(NC(=O)[C@@H](C)OC(=O)CCc2ccc3c(c2)OCO3)no1,350563,2.37165,0.588698,5707,2712,6521,D68EV3C_iter1_knitwork_pure_split1000_batch002.csv,/opt/xchem-fragalysis-2/maxwin/BulkDock/SCRATCH/350563/C2712-P59,acceptable,expansion,None,XXKZVLJPYRTNBA-LLVKDONJSA-N,v148a,36,7gp9-a,7goy-a,true,green
Cc1cc(CN(C)C[C@@H](O)c2ccc3c(c2)OCO3)no1,350563,2.402916,0.631455,5904,2742,6523,D68EV3C_iter1_knitwork_pure_split1000_batch002.csv,/opt/xchem-fragalysis-2/maxwin/BulkDock/SCRATCH/350563/C2742-P59,acceptable,expansion,None,PZMLGUFNJQOVAU-CYBMUJFWSA-N,v150a,36,7gp9-a,7goy-a,true,green
O=C(NCCc1ccno1)C1CCN(c2cc(=O)[nH]cn2)CC1,350563,3.06181,0.451524,6406,2845,6527,D68EV3C_iter1_knitwork_pure_split1000_batch002.csv,/opt/xchem-fragalysis-2/maxwin/BulkDock/SCRATCH/350563/C2845-P59,acceptable,expansion,None,HCYWIZPHWLZGBJ-UHFFFAOYSA-N,v154a,36,7gp2-a,7goy-a,true,green
CCS(=O)(=O)NC[C@H]1CCN(CC(F)F)C1,350561,2.317836,0.693757,6883,1811,6530,D68EV3C_iter1_knitwork_pure_split1000_batch000.csv,/opt/xchem-fragalysis-2/maxwin/BulkDock/SCRATCH/350561/C1811-P13,acceptable,expansion,None,SUYQYCNUWSGNEK-MRVPVSSYSA-N,v134b,36,7gp9-a,7gpm-a,true,green
CN(Cc1ccc2c(c1)OCO2)S(=O)(=O)Cc1ccon1,350567,2.157441,0.654058,4456,2096,6473,D68EV3C_iter1_knitwork_impure_split1000_batch000.csv,/opt/xchem-fragalysis-2/maxwin/BulkDock/SCRATCH/350567/C2096-P59,acceptable,expansion,None,NUKPEHAZTOWAPU-UHFFFAOYSA-N,v100a,37,7gp9-a,7goy-a,true,green
Cc1cc(CNCCOC2CNC2)sn1,350568,2.580509,0.659814,1198,6421,6532,D68EV3C_iter1_knitwork_impure_split1000_batch001.csv,/opt/xchem-fragalysis-2/maxwin/BulkDock/SCRATCH/350568/C6421-P44,acceptable,expansion,None,IJRBNOAQJAKSPP-UHFFFAOYSA-N,v159a,37,7gp2-a,B1307a,true,green
Cc1oncc1NS(=O)(=O)c1ccc2c(c1)OCCO2,350570,2.573881,0.642463,2235,3994,6534,D68EV3C_iter1_knitwork_impure_split1000_batch003.csv,/opt/xchem-fragalysis-2/maxwin/BulkDock/SCRATCH/350570/C3994-P59,acceptable,expansion,None,UXVDGLOUBYDLQZ-UHFFFAOYSA-N,v161a,37,7gp9-a,7goy-a,true,green
O=C(CCc1ccc2c(c1)OCCO2)OCCSCc1ccno1,350570,2.513406,0.565684,2256,3996,6535,D68EV3C_iter1_knitwork_impure_split1000_batch003.csv,/opt/xchem-fragalysis-2/maxwin/BulkDock/SCRATCH/350570/C3996-P59,acceptable,expansion,None,FIUPIBHCUISCGY-UHFFFAOYSA-N,v162a,37,7gp9-a,7goy-a,true,green
Cc1cc(CN(C)C[C@H](O)c2ccc3c(c2)OCCCO3)no1,350570,2.900812,0.551993,2789,4044,6537,D68EV3C_iter1_knitwork_impure_split1000_batch003.csv,/opt/xchem-fragalysis-2/maxwin/BulkDock/SCRATCH/350570/C4044-P13,acceptable,expansion,None,FTIHFOZIDKDYQS-HNNXBMFYSA-N,v164a,37,7gp9-a,7goy-a,true,green
CN(Cc1cnco1)C[C@@H](O)COCc1ccc2c(c1)OCO2,350567,2.009343,0.630024,3973,7035,6541,D68EV3C_iter1_knitwork_impure_split1000_batch000.csv,/opt/xchem-fragalysis-2/maxwin/BulkDock/SCRATCH/350567/C7035-P13,acceptable,expansion,None,WUZZWWHAUMZBOV-CYBMUJFWSA-N,v169a,37,7gp9-a,7goy-a,true,green
CN(Cc1ccns1)C[C@@H](O)COCc1ccc2c(c1)OCO2,350567,1.628005,0.62806,3981,7036,6543,D68EV3C_iter1_knitwork_impure_split1000_batch000.csv,/opt/xchem-fragalysis-2/maxwin/BulkDock/SCRATCH/350567/C7036-P59,acceptable,expansion,None,WQOUBXWIDJZODR-CYBMUJFWSA-N,v171a,37,7gp9-a,7goy-a,true,green
COc1cc2c(cc1CNCC(F)(F)c1cccnc1)OCO2,350567,3.293629,0.64127,4203,7068,6544,D68EV3C_iter1_knitwork_impure_split1000_batch000.csv,/opt/xchem-fragalysis-2/maxwin/BulkDock/SCRATCH/350567/C7068-P59,acceptable,expansion,None,ODWLANMSUKTAMB-UHFFFAOYSA-N,v172a,37,7gp9-a,7goy-a,true,green
O=C(NC[C@@H]1CCCCS1)c1cc(C2CCC2)no1,350567,2.30289,0.561046,4962,7190,6545,D68EV3C_iter1_knitwork_impure_split1000_batch000.csv,/opt/xchem-fragalysis-2/maxwin/BulkDock/SCRATCH/350567/C7190-P44,acceptable,expansion,None,CQPABNWZTLMXPK-NSHDSACASA-N,v174a,37,7gp2-a,7goy-a,true,green
CO[C@H](CNC(=O)c1cc(C2CNC2)no1)C1CCC1,350567,2.991667,0.525212,5250,5315,6549,D68EV3C_iter1_knitwork_impure_split1000_batch000.csv,/opt/xchem-fragalysis-2/maxwin/BulkDock/SCRATCH/350567/C5315-P44,acceptable,expansion,None,MRUVLVYVOKTPDH-CYBMUJFWSA-N,v178a,37,7gp2-a,7goy-a,true,green
O=C(NC[C@H](O)COCC1CC1)c1cc(C2CNC2)no1,350567,4.141251,0.464711,5377,5327,6554,D68EV3C_iter1_knitwork_impure_split1000_batch000.csv,/opt/xchem-fragalysis-2/maxwin/BulkDock/SCRATCH/350567/C5327-P44,acceptable,expansion,None,MPKNORZLORHROU-NSHDSACASA-N,v183a,37,7gp2-a,7goy-a,true,green
CC(C)N1CC[C@H](CNS(C)(=O)=O)C1,350568,7.105894,0.567119,5519,6717,6557,D68EV3C_iter1_knitwork_impure_split1000_batch001.csv,/opt/xchem-fragalysis-2/maxwin/BulkDock/SCRATCH/350568/C6717-P70,acceptable,expansion,None,LOIUCISLECPFKL-SECBINFHSA-N,v186a,37,7gp9-a,7gpm-a,true,green
CC(C)N1CC[C@@H](CNS(=O)(=O)CC#N)C1,350568,2.810353,0.616201,5712,6727,6558,D68EV3C_iter1_knitwork_impure_split1000_batch001.csv,/opt/xchem-fragalysis-2/maxwin/BulkDock/SCRATCH/350568/C6727-P13,acceptable,expansion,None,RDYKJRCMWBBDCH-JTQLQIEISA-N,v187a,37,7gp9-a,7gpm-a,true,green
O=C(NCCCN1CCCCCC1=O)c1cc(C2CNC2)no1,350567,2.560044,0.484305,5714,7247,6559,D68EV3C_iter1_knitwork_impure_split1000_batch000.csv,/opt/xchem-fragalysis-2/maxwin/BulkDock/SCRATCH/350567/C7247-P44,acceptable,expansion,None,ACHFLICIKMRCKC-UHFFFAOYSA-N,v188a,37,7gp2-a,7goy-a,true,green
